{"parsing": 1.9794949180000003, "frontend": 0.1126632110000001, "backend": 0.354695369, "simcode": 0.033061608000000006, "templates": 0.088891498, "build": 3.229869182999977, "sim": 0.04829388400000312, "diff": {"time": 0.009692806999993309, "vars": [], "numCompared": 10}, "phase": 7, "exectime": 6.651148360000008}