{"parsing": 2.0126591750000102, "frontend": 0.101857162, "backend": 0.356607393, "simcode": 0.028042844999999997, "templates": 0.07879525000000001, "build": 3.149266145000013, "sim": 0.18904075300002887, "diff": {"time": 0.009135899000000336, "vars": [], "numCompared": 10}, "phase": 7, "exectime": 6.717080500999998}