{"parsing": 2.038720986000044, "frontend": 0.09464978600000001, "backend": 0.050952401, "simcode": 0.011817744999999998, "templates": 0.040866596000000005, "build": 2.465656478000028, "sim": 0.03765630299994882, "diff": {"time": 0.005370177000031617, "vars": [], "numCompared": 4}, "phase": 7, "exectime": 5.586371325000073}