{"parsing": 2.0810919319999925, "frontend": 0.10071542500000003, "backend": 0.084785324, "simcode": 0.22480624400000002, "templates": 0.06910466600000001, "build": 2.8631082160000005, "sim": 0.03854030999997349, "diff": {"time": 0.008362901999987571, "vars": [], "numCompared": 8}, "phase": 7, "exectime": 6.319647336000003}