{"parsing": 2.0249752429999717, "frontend": 0.11263645200000005, "backend": 0.36718620599999996, "simcode": 0.033632669000000004, "templates": 0.094733802, "build": 3.471534941000016, "sim": 0.05252852600000324, "diff": {"time": 0.01913351299998567, "vars": [], "numCompared": 16}, "phase": 7, "exectime": 7.032855208000001}