{"parsing": 2.0623165979999385, "frontend": 0.094838457, "backend": 0.05559117500000001, "simcode": 0.012595204000000006, "templates": 0.043295725, "build": 2.570859313999904, "sim": 0.038424890999976924, "diff": {"time": 0.007038317000024108, "vars": [], "numCompared": 4}, "phase": 7, "exectime": 5.736585218000073}