{"parsing": 1.9664786479999634, "frontend": 0.13074873500000006, "backend": 0.781159981, "simcode": 0.061027759999999986, "templates": 0.397261277, "build": 4.643423359999986, "sim": 0.3058302029999709, "diff": {"time": 0.019896416999984012, "vars": [], "numCompared": 21}, "phase": 7, "exectime": 9.134216346999949}