{"parsing": 1.9717822300000023, "frontend": 0.09920309800000005, "backend": 0.323664205, "simcode": 0.020409243, "templates": 0.058344990000000006, "build": 2.815029035000009, "sim": 0.10740856099999974, "diff": {"time": 0.0065083460000039395, "vars": [], "numCompared": 6}, "phase": 7, "exectime": 6.201428676000006}