{"parsing": 2.0519847310000046, "frontend": 0.11736496500000004, "backend": 0.35354427, "simcode": 0.02960774499999995, "templates": 0.089815608, "build": 3.3262042460000316, "sim": 0.04746715199996743, "diff": {"time": 0.008461042000021735, "vars": [], "numCompared": 8}, "phase": 7, "exectime": 6.880253374000006}