{"parsing": 1.982022497999992, "frontend": 0.09152168299999996, "backend": 0.075072747, "simcode": 0.015448311000000048, "templates": 0.256522227, "build": 2.5253662979999945, "sim": 0.0417043560000252, "diff": {"time": 0.007796507000023212, "vars": [], "numCompared": 4}, "phase": 7, "exectime": 5.795495580000022}