{"parsing": 1.9636751890000141, "frontend": 0.10014588899999999, "backend": 0.341469426, "simcode": 0.026567623, "templates": 0.08971685600000001, "build": 3.1495386310000413, "sim": 0.04898927200002845, "diff": {"time": 0.010216216000003442, "vars": [], "numCompared": 12}, "phase": 7, "exectime": 6.574881586000004}