{"parsing": 1.9803591630000028, "frontend": 0.10634299200000008, "backend": 0.39128524499999995, "simcode": 0.040238438, "templates": 0.098521017, "build": 3.473979264000036, "sim": 0.07513794599998391, "diff": {"time": 0.005569318000027579, "vars": [], "numCompared": 11}, "phase": 7, "exectime": 6.97895100400001}