{"parsing": 1.9955322099999933, "frontend": 0.1383099510000001, "backend": 0.797996979, "simcode": 0.07445481500000006, "templates": 0.4215340249999999, "build": 4.949684400000024, "sim": 0.09048807400000669, "diff": {"time": 0.024843473999993648, "vars": [], "numCompared": 22}, "phase": 7, "exectime": 9.295229374000002}