{"parsing": 2.179742038000029, "frontend": 0.09128268800000001, "backend": 0.050395515, "simcode": 0.013498123, "templates": 0.044808055, "build": 2.3726653840000154, "sim": 0.03744564599998057, "diff": {"time": 0.005901548999986517, "vars": [], "numCompared": 4}, "phase": 7, "exectime": 5.5936437269999715}