{"parsing": 2.001970250999989, "frontend": 0.10579983500000001, "backend": 0.08847835799999998, "simcode": 0.22139472000000002, "templates": 0.060200002, "build": 2.696443185000021, "sim": 0.03677243100003125, "diff": {"time": 0.005913822000024993, "vars": [], "numCompared": 6}, "phase": 7, "exectime": 6.051864900999988}