{"parsing": 2.0525403429999187, "frontend": 0.11288575700000003, "backend": 0.38123975600000004, "simcode": 0.03152007000000001, "templates": 0.089351286, "build": 3.4402344979999953, "sim": 0.06319263300008515, "diff": {"time": 0.009177715999953762, "vars": [], "numCompared": 10}, "phase": 7, "exectime": 7.022614339000029}