{"parsing": 2.0786357230000476, "frontend": 0.08983039999999996, "backend": 0.054121292999999994, "simcode": 0.012377433000000007, "templates": 0.04256223, "build": 2.4161711099999934, "sim": 0.03747803499999236, "diff": {"time": 0.006111190000012812, "vars": [], "numCompared": 4}, "phase": 7, "exectime": 5.532056085999955}