{"parsing": 1.9587186720000318, "frontend": 0.08937598399999999, "backend": 0.050186342, "simcode": 0.014594275000000004, "templates": 0.044701306, "build": 2.5129439039999966, "sim": 0.03246728300001678, "diff": {"time": 0.0070681119999562725, "vars": [], "numCompared": 6}, "phase": 7, "exectime": 5.513742160999982}