{"parsing": 2.0271523089999732, "frontend": 0.20371690799999986, "backend": 1.251111725, "simcode": 0.10212905, "templates": 0.46659046200000004, "build": 6.168131076000009, "sim": 0.23444785600003115, "diff": {"time": 0.024291331999961585, "vars": [], "numCompared": 27}, "phase": 7, "exectime": 11.317399690999991}