{"parsing": 2.0613817919999633, "frontend": 0.10237753100000002, "backend": 0.377423685, "simcode": 0.030860313, "templates": 0.080739766, "build": 3.2739985929999875, "sim": 0.26892555900002435, "diff": {"time": 0.010365655999976298, "vars": [], "numCompared": 12}, "phase": 7, "exectime": 7.036044987000025}