{"parsing": 1.9601098969999953, "frontend": 0.10863957600000007, "backend": 0.316796181, "simcode": 0.023210315999999995, "templates": 0.06426163900000001, "build": 2.9110578359999977, "sim": 0.04281886400002577, "diff": {"time": 0.008127493000017694, "vars": [], "numCompared": 8}, "phase": 7, "exectime": 6.249307322999982}