{"parsing": 2.042399997000018, "frontend": 0.10355461399999999, "backend": 0.361360008, "simcode": 0.028102920000000003, "templates": 0.07986657700000001, "build": 3.1794430040000066, "sim": 0.1890697659999887, "diff": {"time": 0.009808111000040753, "vars": [], "numCompared": 10}, "phase": 7, "exectime": 6.791551863999985}