{"parsing": 1.9734194879999905, "frontend": 0.09452400000000005, "backend": 0.07920855099999996, "simcode": 0.21344693000000003, "templates": 0.058468980000000004, "build": 2.7145196289999944, "sim": 0.036504586999967614, "diff": {"time": 0.0072158169999738675, "vars": [], "numCompared": 6}, "phase": 7, "exectime": 5.989697051999997}