{"parsing": 2.1148820649999607, "frontend": 0.111704423, "backend": 0.375996741, "simcode": 0.03166089200000001, "templates": 0.088518995, "build": 3.419725088000064, "sim": 0.0637445160000425, "diff": {"time": 0.00959480199992413, "vars": [], "numCompared": 10}, "phase": 7, "exectime": 7.0756422360000215}