{"parsing": 1.9787046670000166, "frontend": 0.10854461999999998, "backend": 0.3769884440000001, "simcode": 0.03561177400000001, "templates": 0.100931292, "build": 3.3546422750000033, "sim": 0.05094705199999794, "diff": {"time": 0.009073562999986962, "vars": [], "numCompared": 10}, "phase": 7, "exectime": 6.846890784999999}