{"parsing": 1.9662458569999899, "frontend": 0.10554935300000001, "backend": 0.36597837, "simcode": 0.031054498000000014, "templates": 0.087336392, "build": 3.2100111230000152, "sim": 0.04871069000000716, "diff": {"time": 0.009293845000001966, "vars": [], "numCompared": 10}, "phase": 7, "exectime": 6.61893878799998}