{"parsing": 1.9901955139999927, "frontend": 0.10457812099999997, "backend": 0.3918480060000001, "simcode": 0.032605549, "templates": 0.09172796800000001, "build": 3.4355145629999697, "sim": 0.19252954099999897, "diff": {"time": 0.009751029999961247, "vars": [], "numCompared": 12}, "phase": 7, "exectime": 7.050306731999967}