{"parsing": 2.018089766999992, "frontend": 0.10488934300000002, "backend": 0.355828341, "simcode": 0.03378318500000001, "templates": 0.092184519, "build": 3.3057653090000088, "sim": 0.049688135999986116, "diff": {"time": 0.00947534499999847, "vars": [], "numCompared": 10}, "phase": 7, "exectime": 6.773581218000004}