{"parsing": 1.9658439979999685, "frontend": 0.10225264700000003, "backend": 0.356609447, "simcode": 0.028827778, "templates": 0.08776945800000001, "build": 3.1048131160000025, "sim": 0.18538153100001864, "diff": {"time": 0.00867991699999493, "vars": [], "numCompared": 10}, "phase": 7, "exectime": 6.674577827000007}