{"parsing": 2.031416214999922, "frontend": 0.11917990200000006, "backend": 0.450337259, "simcode": 0.046759775, "templates": 0.326610719, "build": 3.5978221029999986, "sim": 0.26222939699994186, "diff": {"time": 0.01159468499997729, "vars": [], "numCompared": 14}, "phase": 7, "exectime": 7.699277616000018}