{"parsing": 2.011478197999992, "frontend": 0.089757063, "backend": 0.04153986900000001, "simcode": 0.011826055000000002, "templates": 0.039835752, "build": 2.3675277560000154, "sim": 0.028647556999999324, "diff": {"time": 0.005443847999998752, "vars": [], "numCompared": 4}, "phase": 7, "exectime": 5.429779836999984}