{"parsing": 1.969007185999999, "frontend": 0.1334422260000001, "backend": 0.834914422, "simcode": 0.07228785100000001, "templates": 0.420131576, "build": 4.91330443999999, "sim": 0.851270908999993, "diff": {"time": 0.03382591100000809, "vars": ["T3.fire", "T2.fire", "P6.t", "P4.t"], "numCompared": 24}, "phase": 6, "exectime": 10.05195975800001}