{"parsing": 2.0341666670000222, "frontend": 0.10639783999999997, "backend": 0.35684476400000004, "simcode": 0.028464513999999996, "templates": 0.09746070600000001, "build": 3.395717069, "sim": 0.05042269999995597, "diff": {"time": 0.012740559000008034, "vars": [], "numCompared": 12}, "phase": 7, "exectime": 6.954605429999958}