{"parsing": 1.966165961999991, "frontend": 0.11800954200000002, "backend": 0.44964317100000006, "simcode": 0.06600809199999991, "templates": 0.329987998, "build": 3.9290553900000305, "sim": 0.18942628199999945, "diff": {"time": 0.014200321000032545, "vars": [], "numCompared": 12}, "phase": 7, "exectime": 7.875516533999985}