{"parsing": 1.9813651619999746, "frontend": 0.105068999, "backend": 0.38723878, "simcode": 0.03214668900000006, "templates": 0.09644102999999993, "build": 3.3002826169999935, "sim": 0.06498542199994972, "diff": {"time": 0.009489497000004121, "vars": [], "numCompared": 10}, "phase": 7, "exectime": 6.761759574999985}