{"parsing": 2.0230675239999982, "frontend": 0.10753673600000002, "backend": 0.364179218, "simcode": 0.03151654899999999, "templates": 0.09025608900000001, "build": 3.215419623999992, "sim": 0.06037104500001078, "diff": {"time": 0.008150255999964884, "vars": [], "numCompared": 10}, "phase": 7, "exectime": 6.684239546000015}