{"parsing": 1.9750587229999894, "frontend": 0.10536292599999997, "backend": 0.391982674, "simcode": 0.03224353099999999, "templates": 0.09148418400000001, "build": 3.3585008379999977, "sim": 0.05146964100001128, "diff": {"time": 0.009363796000002367, "vars": [], "numCompared": 10}, "phase": 7, "exectime": 6.81168385700002}