{"parsing": 2.0348548310000183, "frontend": 0.11678100099999994, "backend": 0.346800553, "simcode": 0.02836917500000001, "templates": 0.10000488, "build": 3.260526160999973, "sim": 0.04705575699995279, "diff": {"time": 0.011594523999974626, "vars": [], "numCompared": 8}, "phase": 7, "exectime": 6.80999418600004}