{"parsing": 1.9833232930000122, "frontend": 0.10665292999999998, "backend": 0.36354786800000005, "simcode": 0.03649201599999999, "templates": 0.08897836, "build": 3.3006640510000125, "sim": 0.05708208499999046, "diff": {"time": 0.018881171000032282, "vars": [], "numCompared": 18}, "phase": 7, "exectime": 6.7713099699999475}