{"parsing": 1.9697443950000206, "frontend": 0.11905089499999999, "backend": 0.084474997, "simcode": 0.21574561600000003, "templates": 0.05924075, "build": 2.7465571970000155, "sim": 0.03616272099998241, "diff": {"time": 0.009317058000021916, "vars": [], "numCompared": 9}, "phase": 7, "exectime": 6.0781231860000275}