{"parsing": 2.0450513310000247, "frontend": 0.10609520199999989, "backend": 0.34198283000000007, "simcode": 0.027834139999999993, "templates": 0.07924502700000001, "build": 3.1761341069999958, "sim": 0.04666358499997614, "diff": {"time": 0.007969421000041166, "vars": [], "numCompared": 8}, "phase": 7, "exectime": 6.614185953999993}