{"parsing": 2.043092900999966, "frontend": 0.10868895499999998, "backend": 0.3722902899999999, "simcode": 0.029173884999999997, "templates": 0.09948588200000001, "build": 3.28200070500003, "sim": 0.18841006100001323, "diff": {"time": 0.012419743000009476, "vars": [], "numCompared": 10}, "phase": 7, "exectime": 6.973523592999982}