{"parsing": 2.1666415819999543, "frontend": 0.10469964799999998, "backend": 0.404922435, "simcode": 0.03955787700000002, "templates": 0.09661419799999993, "build": 3.5558763280000107, "sim": 0.3219239779999725, "diff": {"time": 0.0139524190000202, "vars": [], "numCompared": 13}, "phase": 7, "exectime": 7.518582961999982}