{"parsing": 1.9614014510000288, "frontend": 0.11405585799999995, "backend": 0.4411702540000001, "simcode": 0.05432707000000003, "templates": 0.4141211349999999, "build": 3.9086332010000433, "sim": 0.18490231200007656, "diff": {"time": 0.010064645999932509, "vars": [], "numCompared": 12}, "phase": 7, "exectime": 7.874020313000074}