{"parsing": 1.983750726000011, "frontend": 0.100326784, "backend": 0.335909634, "simcode": 0.027823549000000003, "templates": 0.070945039, "build": 3.0427447679999773, "sim": 0.0492296379999857, "diff": {"time": 0.010548658999994132, "vars": [], "numCompared": 14}, "phase": 7, "exectime": 6.434582354999975}