{"parsing": 2.0387229339999635, "frontend": 0.092711983, "backend": 0.016775727999999997, "simcode": 0.007363219000000004, "templates": 0.031985738, "build": 2.2387188640000204, "sim": 0.02498655400000871, "diff": {"time": 0.0066618399999924804, "vars": [], "numCompared": 2}, "phase": 7, "exectime": 5.304309064999984}