{"parsing": 2.0296236159999808, "frontend": 0.11097861000000009, "backend": 0.36955724499999987, "simcode": 0.033686909, "templates": 0.11364499600000001, "build": 3.4913467570000307, "sim": 0.052741045999994185, "diff": {"time": 0.012984982000034506, "vars": [], "numCompared": 10}, "phase": 7, "exectime": 7.0738785570000005}