{"parsing": 2.0428910990000304, "frontend": 0.098219278, "backend": 0.058240990000000006, "simcode": 0.013194742000000002, "templates": 0.045522838, "build": 2.5480899249999993, "sim": 0.06904752700000927, "diff": {"time": 0.005874408000011044, "vars": [], "numCompared": 5}, "phase": 7, "exectime": 5.76075800000001}