{"parsing": 2.0125631740000074, "frontend": 0.10739983500000005, "backend": 0.35473177199999995, "simcode": 0.031457817000000055, "templates": 0.08592092899999992, "build": 3.226746303999988, "sim": 0.04879230799997458, "diff": {"time": 0.008989915999990217, "vars": [], "numCompared": 10}, "phase": 7, "exectime": 6.687030074999996}