{"parsing": 1.988069908, "frontend": 0.13639094200000001, "backend": 0.83312206, "simcode": 0.072336717, "templates": 0.40827286500000004, "build": 4.906793069000003, "sim": 0.8754563399999711, "diff": {"time": 0.0335217179999745, "vars": ["T3.fire", "T2.fire", "P6.t", "P4.t"], "numCompared": 24}, "phase": 6, "exectime": 10.050491404000013}