{"parsing": 2.0464983140000186, "frontend": 0.11646763599999999, "backend": 0.354521184, "simcode": 0.02479516100000001, "templates": 0.070137824, "build": 3.0618397009999967, "sim": 0.18370708200001218, "diff": {"time": 0.013900008000007347, "vars": [], "numCompared": 12}, "phase": 7, "exectime": 6.698151499000005}