{"parsing": 2.0050112119999994, "frontend": 0.14450511899999996, "backend": 0.862067899, "simcode": 0.073434251, "templates": 0.40735965500000004, "build": 5.07519559900004, "sim": 0.9714456230000224, "diff": {"time": 0.02344148800000312, "vars": [], "numCompared": 24}, "phase": 7, "exectime": 10.395214995000003}