{"parsing": 1.998311827000009, "frontend": 0.10020096300000003, "backend": 0.329196286, "simcode": 0.026626103999999998, "templates": 0.07531038200000001, "build": 3.1497711659999936, "sim": 0.045244902000035836, "diff": {"time": 0.007320662999973138, "vars": [], "numCompared": 8}, "phase": 7, "exectime": 6.5232055609999975}