{"parsing": 1.9589551799999754, "frontend": 0.11107201699999991, "backend": 0.4321171990000001, "simcode": 0.043916843999999955, "templates": 0.306804557, "build": 3.4519467089999125, "sim": 0.2584839790000615, "diff": {"time": 0.011307640999916657, "vars": [], "numCompared": 14}, "phase": 7, "exectime": 7.343215633}