{"parsing": 2.0798439879999933, "frontend": 0.10729740799999998, "backend": 0.34356971900000005, "simcode": 0.026189862000000008, "templates": 0.072621383, "build": 3.180480246000002, "sim": 0.046124806000023, "diff": {"time": 0.011254764999989675, "vars": [], "numCompared": 7}, "phase": 7, "exectime": 6.74786743300001}