{"parsing": 1.9702247889999853, "frontend": 0.11357076399999999, "backend": 0.43982197600000006, "simcode": 0.044624251000000004, "templates": 0.31726736, "build": 3.450930765999999, "sim": 0.25453617799996664, "diff": {"time": 0.011544403000016246, "vars": [], "numCompared": 14}, "phase": 7, "exectime": 7.420203581999999}