{"parsing": 1.9713666540000077, "frontend": 0.10434044900000006, "backend": 0.35218846600000003, "simcode": 0.03150983700000001, "templates": 0.09171506, "build": 3.2057896339999843, "sim": 0.047776279999993676, "diff": {"time": 0.008152810000012778, "vars": [], "numCompared": 10}, "phase": 7, "exectime": 6.647447051000029}