{"parsing": 1.9707492370000068, "frontend": 0.10596170300000007, "backend": 0.382326269, "simcode": 0.040301239, "templates": 0.09009867, "build": 3.3221819299999993, "sim": 0.16743154600004573, "diff": {"time": 0.009418654999990395, "vars": [], "numCompared": 12}, "phase": 7, "exectime": 6.914003327999978}