{"parsing": 2.0727582949999714, "frontend": 0.11353432600000002, "backend": 0.388751832, "simcode": 0.036136987999999995, "templates": 0.08932155800000001, "build": 3.2995064479999883, "sim": 0.07429513600004611, "diff": {"time": 0.023194795999984308, "vars": [], "numCompared": 18}, "phase": 7, "exectime": 6.940377650999949}