{"parsing": 2.064162908999947, "frontend": 0.09528607100000001, "backend": 0.043819182, "simcode": 0.012537262, "templates": 0.052634798000000003, "build": 2.4673358469999584, "sim": 0.029751349999969534, "diff": {"time": 0.0073618130000454585, "vars": [], "numCompared": 4}, "phase": 7, "exectime": 5.6302880429999504}