{"parsing": 2.0104721419999834, "frontend": 0.091249405, "backend": 0.051120708, "simcode": 0.011701562999999998, "templates": 0.049699587, "build": 2.3815493290000234, "sim": 0.21937059400002568, "diff": {"time": 0.0068786610000017845, "vars": [], "numCompared": 5}, "phase": 7, "exectime": 5.6180360600000085}