{"parsing": 1.986347496999997, "frontend": 0.09063659300000002, "backend": 0.041141761, "simcode": 0.011762285999999997, "templates": 0.048629399000000004, "build": 2.340305662999981, "sim": 0.028928454000038073, "diff": {"time": 0.006023810999977286, "vars": [], "numCompared": 4}, "phase": 7, "exectime": 5.34604202700001}