{"parsing": 1.9885974600000509, "frontend": 0.15313362600000024, "backend": 0.9081631059999999, "simcode": 0.07460189100000003, "templates": 0.394873387, "build": 5.0564474150000365, "sim": 0.9778536470000176, "diff": {"time": 0.02063352200002555, "vars": [], "numCompared": 24}, "phase": 7, "exectime": 10.38159080700001}