{"parsing": 2.0181953989999784, "frontend": 0.120032472, "backend": 0.388741855, "simcode": 0.034025501, "templates": 0.094743213, "build": 3.498873589000027, "sim": 0.06747419300006641, "diff": {"time": 0.009972253999990244, "vars": [], "numCompared": 10}, "phase": 7, "exectime": 7.087860036000052}