{"parsing": 2.021271587000001, "frontend": 0.09719387, "backend": 0.052048836000000015, "simcode": 0.013952062999999994, "templates": 0.051605239000000004, "build": 2.5250495669999964, "sim": 0.19401921499996888, "diff": {"time": 0.007142645999977049, "vars": [], "numCompared": 5}, "phase": 7, "exectime": 5.844104376000018}