{"parsing": 2.036430505999988, "frontend": 0.11158617299999996, "backend": 0.36714850899999996, "simcode": 0.03432375700000001, "templates": 0.090174265, "build": 3.4359049610000056, "sim": 0.050097858000015094, "diff": {"time": 0.00934854299998733, "vars": [], "numCompared": 10}, "phase": 7, "exectime": 6.992532385000004}