{"parsing": 2.0169723410000415, "frontend": 0.11429415199999993, "backend": 0.38402257500000003, "simcode": 0.031236311000000003, "templates": 0.09076521600000001, "build": 3.3662753270000394, "sim": 0.06186466099995869, "diff": {"time": 0.012456349999979466, "vars": [], "numCompared": 10}, "phase": 7, "exectime": 6.944502513999964}