{"parsing": 1.9829398470000115, "frontend": 0.10445188799999994, "backend": 0.3733791730000001, "simcode": 0.03277560399999989, "templates": 0.09135731500000001, "build": 3.318566704999995, "sim": 0.05102703500000416, "diff": {"time": 0.009006319999969037, "vars": [], "numCompared": 10}, "phase": 7, "exectime": 6.759100526000026}