{"parsing": 2.00564620199998, "frontend": 0.10427477699999999, "backend": 0.33934870699999997, "simcode": 0.028121987000000015, "templates": 0.08033578499999994, "build": 3.242091906999974, "sim": 0.04628485599999976, "diff": {"time": 0.0077366319999896405, "vars": [], "numCompared": 8}, "phase": 7, "exectime": 6.681436641000005}