{"parsing": 1.9939562320000164, "frontend": 0.10481454300000004, "backend": 0.385426323, "simcode": 0.02986770200000001, "templates": 0.084907065, "build": 3.2518505550000327, "sim": 0.05979725600002439, "diff": {"time": 0.009348732999967524, "vars": [], "numCompared": 10}, "phase": 7, "exectime": 6.726093554000045}