{"parsing": 1.9764055550000137, "frontend": 0.10104084600000002, "backend": 0.34304886800000006, "simcode": 0.022971499999999992, "templates": 0.07914665500000001, "build": 2.877176308000003, "sim": 0.17204207800000404, "diff": {"time": 0.012769765000001598, "vars": [], "numCompared": 12}, "phase": 7, "exectime": 6.3970026290000135}