{"parsing": 2.0239236409999535, "frontend": 0.18314071199999993, "backend": 0.879260765, "simcode": 0.08176524299999993, "templates": 0.405595788, "build": 5.078865828000062, "sim": 0.8560550009999588, "diff": {"time": 0.03407462600000599, "vars": ["T3.fire", "T2.fire", "P6.t", "P4.t"], "numCompared": 24}, "phase": 6, "exectime": 10.399129574000028}