{"parsing": 2.0467340420000255, "frontend": 0.10633274800000003, "backend": 0.38658893399999994, "simcode": 0.031868729, "templates": 0.087087857, "build": 3.3149136110000086, "sim": 0.27357841000002736, "diff": {"time": 0.01359335199998668, "vars": [], "numCompared": 12}, "phase": 7, "exectime": 7.091833215999998}