{"parsing": 2.0093157880000376, "frontend": 0.087342514, "backend": 0.052074851000000005, "simcode": 0.011884804999999998, "templates": 0.051300576, "build": 2.3764482279999584, "sim": 0.03754272300000139, "diff": {"time": 0.005737651999993432, "vars": [], "numCompared": 4}, "phase": 7, "exectime": 5.438912544999994}