{"parsing": 2.022054167999954, "frontend": 0.11951063900000003, "backend": 0.415193864, "simcode": 0.05140699799999998, "templates": 0.333924006, "build": 3.8392690560000347, "sim": 0.06118919900001174, "diff": {"time": 0.015778366999995797, "vars": [], "numCompared": 13}, "phase": 7, "exectime": 7.6725417979999975}