{"parsing": 2.01352982100002, "frontend": 0.11143409000000004, "backend": 0.384188988, "simcode": 0.030827598999999997, "templates": 0.097932743, "build": 3.4362296489999835, "sim": 0.17038112399995953, "diff": {"time": 0.009799132000011923, "vars": [], "numCompared": 12}, "phase": 7, "exectime": 7.124729965000029}