{"parsing": 1.9820388399999729, "frontend": 0.10578123700000008, "backend": 0.3653886699999999, "simcode": 0.029776282, "templates": 0.08448652300000001, "build": 3.2180075200000147, "sim": 0.06088490100000854, "diff": {"time": 0.012625323000008848, "vars": [], "numCompared": 10}, "phase": 7, "exectime": 6.655803256000013}