{"parsing": 1.9711384160000023, "frontend": 0.08599535900000002, "backend": 0.020670251, "simcode": 0.007248796000000002, "templates": 0.033256394, "build": 2.1480506609999566, "sim": 0.02571217499996692, "diff": {"time": 0.0044250579999811634, "vars": [], "numCompared": 2}, "phase": 7, "exectime": 5.0834217609999826}