{"parsing": 2.0353465000000597, "frontend": 0.103229913, "backend": 0.08625316999999999, "simcode": 0.22565686000000001, "templates": 0.06491785, "build": 2.907106426000041, "sim": 0.03810679200000777, "diff": {"time": 0.00856268099994395, "vars": [], "numCompared": 9}, "phase": 7, "exectime": 6.291340867000031}