{"parsing": 1.9659392500000195, "frontend": 0.09977436900000003, "backend": 0.373665391, "simcode": 0.03030218500000001, "templates": 0.096272247, "build": 3.224948020999989, "sim": 0.26686211099996626, "diff": {"time": 0.010233630999948673, "vars": [], "numCompared": 12}, "phase": 7, "exectime": 6.875416635000022}