{"parsing": 2.018042128999923, "frontend": 0.12394539700000007, "backend": 0.47760957700000006, "simcode": 0.05774366399999997, "templates": 0.353038875, "build": 4.1523288780000485, "sim": 0.18813067199994293, "diff": {"time": 0.010009594000052857, "vars": [], "numCompared": 12}, "phase": 7, "exectime": 8.231807714999945}