{"parsing": 2.0514696679999815, "frontend": 0.11969799999999997, "backend": 0.36901232700000003, "simcode": 0.033925144000000004, "templates": 0.092624039, "build": 3.4606960529999924, "sim": 0.051176067999961106, "diff": {"time": 0.00971600700000863, "vars": [], "numCompared": 10}, "phase": 7, "exectime": 7.06898774199999}