{"parsing": 1.9842740910000316, "frontend": 0.08731324800000001, "backend": 0.048870238, "simcode": 0.01224795, "templates": 0.044013275000000004, "build": 2.396575912000003, "sim": 0.030544775999999274, "diff": {"time": 0.00635953599999084, "vars": [], "numCompared": 4}, "phase": 7, "exectime": 5.41750740699996}