{"parsing": 1.9805428359999837, "frontend": 0.10233759400000009, "backend": 0.37503653699999995, "simcode": 0.031127424, "templates": 0.10361716, "build": 3.264550113000041, "sim": 0.048553128999969886, "diff": {"time": 0.009366220000003977, "vars": [], "numCompared": 10}, "phase": 7, "exectime": 6.709175318999996}