{"parsing": 2.016051760000039, "frontend": 0.08805771600000002, "backend": 0.053171274, "simcode": 0.012785763999999998, "templates": 0.041245395000000004, "build": 2.417163505000019, "sim": 0.03687627499999735, "diff": {"time": 0.0076721209999846, "vars": [], "numCompared": 4}, "phase": 7, "exectime": 5.4703316349999795}