{"parsing": 2.0189738720000037, "frontend": 0.092309642, "backend": 0.048479181, "simcode": 0.012360111, "templates": 0.043914930000000005, "build": 2.4345970649999913, "sim": 0.030482793999993874, "diff": {"time": 0.008418782000006786, "vars": [], "numCompared": 4}, "phase": 7, "exectime": 5.503502279000003}