{"parsing": 1.999072354999953, "frontend": 0.102561562, "backend": 0.37253999299999996, "simcode": 0.030958699999999992, "templates": 0.112939569, "build": 3.3141122619999805, "sim": 0.049467844000048444, "diff": {"time": 0.0172562889999881, "vars": [], "numCompared": 16}, "phase": 7, "exectime": 6.789649806999989}