{"parsing": 2.0378256739999756, "frontend": 0.1473471, "backend": 0.076292042, "simcode": 0.011536981000000002, "templates": 0.049188261000000004, "build": 2.496836966999979, "sim": 0.0821246790000032, "diff": {"time": 0.006541196000000582, "vars": [], "numCompared": 5}, "phase": 7, "exectime": 5.762500458999966}