{"parsing": 2.000524164000012, "frontend": 0.13549391899999996, "backend": 0.7908160710000001, "simcode": 0.06278090300000005, "templates": 0.373336536, "build": 4.6270449240000175, "sim": 0.3055408140000395, "diff": {"time": 0.020117102000028808, "vars": [], "numCompared": 21}, "phase": 7, "exectime": 9.115976116000013}