{"parsing": 1.9590825760000143, "frontend": 0.09004465000000002, "backend": 0.056600458000000006, "simcode": 0.012840456, "templates": 0.044559552, "build": 2.5154825050000227, "sim": 0.06474677800002837, "diff": {"time": 0.005657513000016934, "vars": [], "numCompared": 5}, "phase": 7, "exectime": 5.5676693179999575}