{"parsing": 2.0277133939999885, "frontend": 0.10758504400000007, "backend": 0.353878377, "simcode": 0.023390351000000004, "templates": 0.067913339, "build": 2.9998891650000132, "sim": 0.17421801799997638, "diff": {"time": 0.013417692000018633, "vars": [], "numCompared": 12}, "phase": 7, "exectime": 6.656154488000027}