{"parsing": 1.9864552850000052, "frontend": 0.10830756900000005, "backend": 0.6067457829999999, "simcode": 0.04384996699999999, "templates": 0.106728924, "build": 3.522580701999999, "sim": 0.36979038600000536, "diff": {"time": 0.009507392999978492, "vars": [], "numCompared": 13}, "phase": 7, "exectime": 7.564123371000022}