{"parsing": 2.0373301469999774, "frontend": 0.11538149100000006, "backend": 0.3999970949999999, "simcode": 0.03155115800000001, "templates": 0.092676566, "build": 3.3467652620000194, "sim": 0.05049977599998101, "diff": {"time": 0.005224682000005032, "vars": [], "numCompared": 13}, "phase": 7, "exectime": 6.990416744000015}