{"parsing": 2.144209171, "frontend": 0.109677986, "backend": 0.35314159700000003, "simcode": 0.029756579000000005, "templates": 0.084625114, "build": 3.316626308000025, "sim": 0.048458600999992996, "diff": {"time": 0.007606579999958285, "vars": [], "numCompared": 8}, "phase": 7, "exectime": 6.922226430000023}