{"parsing": 1.9877227579999612, "frontend": 0.08881547899999999, "backend": 0.048898961000000005, "simcode": 0.012609665999999999, "templates": 0.043549038000000005, "build": 2.460969275000025, "sim": 0.030746604999990268, "diff": {"time": 0.005853979999983494, "vars": [], "numCompared": 4}, "phase": 7, "exectime": 5.478102154999988}