{"parsing": 1.9659685519999925, "frontend": 0.12246243000000001, "backend": 0.40636731899999995, "simcode": 0.03576698199999999, "templates": 0.08814268500000001, "build": 3.2969447080000123, "sim": 0.05553883699997186, "diff": {"time": 0.022420467999950233, "vars": [], "numCompared": 18}, "phase": 7, "exectime": 6.783183398000006}