{"parsing": 2.010658527999965, "frontend": 0.11200963099999994, "backend": 0.40508604600000003, "simcode": 0.04987091599999999, "templates": 0.345576074, "build": 3.729989228000022, "sim": 0.05858112499998924, "diff": {"time": 0.014659945999994761, "vars": [], "numCompared": 13}, "phase": 7, "exectime": 7.519857429000012}