{"parsing": 1.98193758299999, "frontend": 0.1038595229999999, "backend": 0.3598229540000001, "simcode": 0.03204525199999993, "templates": 0.09040034000000001, "build": 3.359473878000017, "sim": 0.05102899099998126, "diff": {"time": 0.008843413000022338, "vars": [], "numCompared": 11}, "phase": 7, "exectime": 6.810948918000008}