{"parsing": 2.0396982080000043, "frontend": 0.093122549, "backend": 0.055338583, "simcode": 0.012487278000000004, "templates": 0.054646914000000005, "build": 2.4008900710000205, "sim": 0.06545454400000494, "diff": {"time": 0.006432863000014777, "vars": [], "numCompared": 5}, "phase": 7, "exectime": 5.570985251000025}