{"parsing": 1.99505899399999, "frontend": 0.10548659599999999, "backend": 0.08927476300000003, "simcode": 0.011713855999999967, "templates": 0.041097163999999964, "build": 2.3450076740000156, "sim": 0.08954482400000074, "diff": {"time": 0.006143226000006052, "vars": [], "numCompared": 5}, "phase": 7, "exectime": 5.490842165999993}