{"parsing": 2.0533026269999937, "frontend": 0.11490360799999999, "backend": 0.6170364620000001, "simcode": 0.046328550999999996, "templates": 0.12742719900000002, "build": 3.7537571120000166, "sim": 0.34899059299999635, "diff": {"time": 0.012536826000030032, "vars": [], "numCompared": 13}, "phase": 7, "exectime": 7.924162551999984}