{"parsing": 2.0605306729999597, "frontend": 0.1018418000000001, "backend": 0.33050901099999996, "simcode": 0.023814012999999967, "templates": 0.066752339, "build": 2.9155432630000178, "sim": 0.042556178999973326, "diff": {"time": 0.00855089899999939, "vars": [], "numCompared": 8}, "phase": 7, "exectime": 6.364127961999998}