{"parsing": 1.962827054999991, "frontend": 0.10351438099999993, "backend": 0.34911657000000007, "simcode": 0.030916801000000008, "templates": 0.106063998, "build": 3.2956520390000037, "sim": 0.048730662999957985, "diff": {"time": 0.008101114999988113, "vars": [], "numCompared": 10}, "phase": 7, "exectime": 6.73210763000003}