{"parsing": 2.042761980000023, "frontend": 0.105342522, "backend": 0.08257407, "simcode": 0.22359171, "templates": 0.062748856, "build": 2.9407846569999947, "sim": 0.038704407000068386, "diff": {"time": 0.007578157000011743, "vars": [], "numCompared": 6}, "phase": 7, "exectime": 6.335572859999957}