{"parsing": 1.9757513819999986, "frontend": 0.10278255400000003, "backend": 0.38437717800000004, "simcode": 0.032193451, "templates": 0.090227177, "build": 3.3699964340000292, "sim": 0.05102877100000569, "diff": {"time": 0.01308990399996901, "vars": [], "numCompared": 10}, "phase": 7, "exectime": 6.815520168999967}