{"parsing": 2.100818563999951, "frontend": 0.12410842099999997, "backend": 0.456263659, "simcode": 0.060154558999999996, "templates": 0.34541469, "build": 4.157117883000012, "sim": 0.06775726799997983, "diff": {"time": 0.019401707999975315, "vars": [], "numCompared": 16}, "phase": 7, "exectime": 8.18513921799996}