{"parsing": 2.0133393439999736, "frontend": 0.10918038799999996, "backend": 0.37172228000000007, "simcode": 0.034740233999999995, "templates": 0.095780033, "build": 3.452060996, "sim": 0.05180664599998863, "diff": {"time": 0.009242316000040773, "vars": [], "numCompared": 10}, "phase": 7, "exectime": 6.992548783000018}