{"parsing": 1.9763685720000126, "frontend": 0.15163396699999998, "backend": 1.167904529, "simcode": 0.094483494, "templates": 0.447413873, "build": 5.920262625000021, "sim": 0.22410558000001402, "diff": {"time": 0.02276266800004123, "vars": [], "numCompared": 27}, "phase": 7, "exectime": 10.798102483000037}