{"parsing": 2.094057221000014, "frontend": 0.11229490499999994, "backend": 0.3692171470000001, "simcode": 0.034482343, "templates": 0.096775202, "build": 3.3755213410000238, "sim": 0.049959526999998616, "diff": {"time": 0.00952298999999357, "vars": [], "numCompared": 10}, "phase": 7, "exectime": 6.99193516400004}