{"parsing": 2.120656333999989, "frontend": 0.108028931, "backend": 0.353156103, "simcode": 0.02809686800000001, "templates": 0.076942366, "build": 3.307348031999993, "sim": 0.04890809099998705, "diff": {"time": 0.010335021999992478, "vars": [], "numCompared": 7}, "phase": 7, "exectime": 6.908983822000039}