{"parsing": 2.0291253310000457, "frontend": 0.11130453800000001, "backend": 0.34099547100000005, "simcode": 0.026690144, "templates": 0.075892602, "build": 3.2725956279999764, "sim": 0.04797388800000135, "diff": {"time": 0.009772702000077516, "vars": [], "numCompared": 10}, "phase": 7, "exectime": 6.754175253000085}