{"parsing": 2.0805389399999967, "frontend": 0.10421092200000004, "backend": 0.08265474099999992, "simcode": 0.22798343699999998, "templates": 0.06464379, "build": 2.9447959650000257, "sim": 0.039193921999981285, "diff": {"time": 0.0078638500000352, "vars": [], "numCompared": 6}, "phase": 7, "exectime": 6.409304586999951}