{"parsing": 1.9931462770000508, "frontend": 0.09901497800000003, "backend": 0.08041930799999991, "simcode": 0.22129812000000001, "templates": 0.071727858, "build": 2.7113958770000295, "sim": 0.03643917300001931, "diff": {"time": 0.007245888999989347, "vars": [], "numCompared": 6}, "phase": 7, "exectime": 6.023552945000006}