{"parsing": 2.00645876599998, "frontend": 0.10438879700000003, "backend": 0.37755824099999996, "simcode": 0.036998109, "templates": 0.08627567600000001, "build": 3.2144428739999853, "sim": 0.07255411699998149, "diff": {"time": 0.019223522000004323, "vars": [], "numCompared": 18}, "phase": 7, "exectime": 6.701922483000033}