{"parsing": 1.9701103369999942, "frontend": 0.10090138700000006, "backend": 0.3333075399999999, "simcode": 0.021489277, "templates": 0.067265156, "build": 2.7874010490000103, "sim": 0.18776016200001777, "diff": {"time": 0.00759762999999225, "vars": [], "numCompared": 9}, "phase": 7, "exectime": 6.293491872000004}