{"parsing": 1.9990969079999559, "frontend": 0.10395082199999994, "backend": 0.352161294, "simcode": 0.030350925999999986, "templates": 0.09504973000000001, "build": 3.2305175309999754, "sim": 0.0503841070000135, "diff": {"time": 0.008789752000041062, "vars": [], "numCompared": 10}, "phase": 7, "exectime": 6.666490386999953}