{"parsing": 2.091270427999916, "frontend": 0.09411305799999994, "backend": 0.056754348999999996, "simcode": 0.012939246000000001, "templates": 0.054042269000000004, "build": 2.4958642080000573, "sim": 0.03804637200005345, "diff": {"time": 0.00850339700002678, "vars": [], "numCompared": 4}, "phase": 7, "exectime": 5.712790556999948}