{"parsing": 1.9838784149999924, "frontend": 0.08795502499999999, "backend": 0.04001319700000001, "simcode": 0.011461826000000001, "templates": 0.039618231000000004, "build": 2.366567083999996, "sim": 0.029070267999998123, "diff": {"time": 0.005904480000026524, "vars": [], "numCompared": 4}, "phase": 7, "exectime": 5.37123300899998}