{"parsing": 2.0604797440000198, "frontend": 0.096970574, "backend": 0.04972532300000001, "simcode": 0.013245707000000002, "templates": 0.045113394, "build": 2.5780764029999546, "sim": 0.03306839200001832, "diff": {"time": 0.008984998999949312, "vars": [], "numCompared": 4}, "phase": 7, "exectime": 5.718413373000033}