{"parsing": 2.1014836809999906, "frontend": 0.11151969900000003, "backend": 0.364159219, "simcode": 0.032670194, "templates": 0.08959170500000001, "build": 3.4224059819999866, "sim": 0.04961520399996289, "diff": {"time": 0.009633204000010664, "vars": [], "numCompared": 10}, "phase": 7, "exectime": 7.034282899999994}