{"parsing": 1.9859903259999783, "frontend": 0.08177332500000001, "backend": 0.007788207000000002, "simcode": 0.004159454, "templates": 0.022634678000000002, "build": 1.9900284059999649, "sim": 0.02628458800000999, "diff": {"time": 0.005443554000009954, "vars": [], "numCompared": 4}, "phase": 7, "exectime": 4.912064571000002}