{"parsing": 2.0049279030000093, "frontend": 0.10217719200000003, "backend": 0.34613122500000004, "simcode": 0.030475389000000006, "templates": 0.085222671, "build": 3.3116782079999894, "sim": 0.04889654400000154, "diff": {"time": 0.011543862999985777, "vars": [], "numCompared": 10}, "phase": 7, "exectime": 6.758115036999982}