{"parsing": 2.0874552939999944, "frontend": 0.11026855700000004, "backend": 0.373619588, "simcode": 0.029817796000000008, "templates": 0.087609113, "build": 3.2306026159999988, "sim": 0.19116386999996848, "diff": {"time": 0.009196571000018139, "vars": [], "numCompared": 10}, "phase": 7, "exectime": 6.943268391999993}