{"parsing": 1.9651311580000197, "frontend": 0.09786227200000008, "backend": 0.326403823, "simcode": 0.020967083999999997, "templates": 0.060595198, "build": 2.855143155999997, "sim": 0.1994994160000374, "diff": {"time": 0.008045038999966891, "vars": [], "numCompared": 9}, "phase": 7, "exectime": 6.319634119}