{"parsing": 2.01237601699998, "frontend": 0.10388639699999999, "backend": 0.056606008000000006, "simcode": 0.012658668000000005, "templates": 0.043832465, "build": 2.441005032000021, "sim": 0.06668083200000297, "diff": {"time": 0.006405084999983046, "vars": [], "numCompared": 5}, "phase": 7, "exectime": 5.571230348}