{"parsing": 2.046336497000027, "frontend": 0.11057258400000003, "backend": 0.363412046, "simcode": 0.032055728000000006, "templates": 0.094113215, "build": 3.4317491049999944, "sim": 0.0500814709999986, "diff": {"time": 0.009786250000047403, "vars": [], "numCompared": 10}, "phase": 7, "exectime": 6.995641392999971}