{"parsing": 1.9904735399999822, "frontend": 0.09727249900000001, "backend": 0.07989550000000001, "simcode": 0.21647084900000002, "templates": 0.07733969499999993, "build": 2.720794409000007, "sim": 0.03615591699997367, "diff": {"time": 0.006499919000020782, "vars": [], "numCompared": 6}, "phase": 7, "exectime": 6.031071978}