{"parsing": 2.0758673290000047, "frontend": 0.10974299600000004, "backend": 0.36249917099999995, "simcode": 0.033019215000000005, "templates": 0.089844249, "build": 3.430841059000045, "sim": 0.050770837000015945, "diff": {"time": 0.009632772999964345, "vars": [], "numCompared": 10}, "phase": 7, "exectime": 7.031754123999974}