{"parsing": 1.9647531040000104, "frontend": 0.104407464, "backend": 0.37637629300000003, "simcode": 0.029879377, "templates": 0.08756332500000001, "build": 3.287552957999992, "sim": 0.16801083999996536, "diff": {"time": 0.009182304999967528, "vars": [], "numCompared": 12}, "phase": 7, "exectime": 6.819468095999923}