{"parsing": 2.0011078100000077, "frontend": 0.10457660000000002, "backend": 0.362437253, "simcode": 0.030429850999999994, "templates": 0.08482682700000001, "build": 3.2491983670000195, "sim": 0.061025812000025326, "diff": {"time": 0.009043114999997215, "vars": [], "numCompared": 10}, "phase": 7, "exectime": 6.692449914000008}