{"parsing": 1.9930371380000054, "frontend": 0.10723887499999996, "backend": 0.36270354800000004, "simcode": 0.031186602000000008, "templates": 0.085732178, "build": 3.2186895950000007, "sim": 0.04867606400000568, "diff": {"time": 0.009350352999973666, "vars": [], "numCompared": 10}, "phase": 7, "exectime": 6.643062316999988}