{"parsing": 2.075967129999981, "frontend": 0.098259527, "backend": 0.04192109199999999, "simcode": 0.012274867000000002, "templates": 0.048634235000000005, "build": 2.5286297310000236, "sim": 0.030390436000004684, "diff": {"time": 0.008226676999981919, "vars": [], "numCompared": 4}, "phase": 7, "exectime": 5.700781526000014}