{"parsing": 2.0384004690000666, "frontend": 0.10054645700000009, "backend": 0.412818695, "simcode": 0.03422362599999999, "templates": 0.08467917800000001, "build": 3.170343336999963, "sim": 0.07143758099994102, "diff": {"time": 0.01933760000008533, "vars": [], "numCompared": 18}, "phase": 7, "exectime": 6.725959111999998}