{"parsing": 1.9857632389999935, "frontend": 0.10381760400000001, "backend": 0.364629396, "simcode": 0.029862435000000007, "templates": 0.086025295, "build": 3.2202665580000485, "sim": 0.06030423000004248, "diff": {"time": 0.009133625000004031, "vars": [], "numCompared": 10}, "phase": 7, "exectime": 6.667753151999932}