{"parsing": 2.004083132000005, "frontend": 0.10675627500000007, "backend": 0.3576572309999999, "simcode": 0.029396682999999993, "templates": 0.08948653100000001, "build": 3.129592074999948, "sim": 0.1853491809999923, "diff": {"time": 0.008800953999980266, "vars": [], "numCompared": 10}, "phase": 7, "exectime": 6.735563583999976}