{"parsing": 2.059106584999995, "frontend": 0.09664628899999994, "backend": 0.07626954499999994, "simcode": 0.017087660000000005, "templates": 0.25623591500000004, "build": 2.71544836999999, "sim": 0.042924975999994786, "diff": {"time": 0.008322130000010475, "vars": [], "numCompared": 4}, "phase": 7, "exectime": 6.114961258999983}