{"parsing": 2.0432346919999986, "frontend": 0.11122196699999998, "backend": 0.360633212, "simcode": 0.03360669000000001, "templates": 0.10222550400000001, "build": 3.405765420000023, "sim": 0.05108393000000433, "diff": {"time": 0.012010019000001648, "vars": [], "numCompared": 10}, "phase": 7, "exectime": 7.025624315000016}