{"parsing": 1.9884068400000388, "frontend": 0.10071106000000007, "backend": 0.08151602400000002, "simcode": 0.21979777099999992, "templates": 0.060502628, "build": 2.802072549000002, "sim": 0.037964493999993465, "diff": {"time": 0.007176214000025993, "vars": [], "numCompared": 6}, "phase": 7, "exectime": 6.137979576000021}