{"parsing": 1.98647287, "frontend": 0.16518608599999984, "backend": 1.177678135, "simcode": 0.09415978400000002, "templates": 0.44678540099999997, "build": 6.033025412000029, "sim": 0.22672498700001142, "diff": {"time": 0.022720085999992534, "vars": [], "numCompared": 27}, "phase": 7, "exectime": 10.958380673000022}