{"parsing": 2.0488787599999796, "frontend": 0.10418633800000004, "backend": 0.08133696000000001, "simcode": 0.223849359, "templates": 0.070476234, "build": 2.816677043000027, "sim": 0.03835495400005584, "diff": {"time": 0.007225788000027933, "vars": [], "numCompared": 6}, "phase": 7, "exectime": 6.231426716999977}