{"parsing": 1.9505811039999799, "frontend": 0.09630323600000001, "backend": 0.08194003099999997, "simcode": 0.21750915600000004, "templates": 0.059512505, "build": 2.7033203400000048, "sim": 0.03615634900000941, "diff": {"time": 0.005767757999990408, "vars": [], "numCompared": 6}, "phase": 7, "exectime": 5.9554999829999815}