{"parsing": 2.02148934600001, "frontend": 0.10323964600000002, "backend": 0.36372829500000003, "simcode": 0.029841707999999967, "templates": 0.08425103999999994, "build": 3.2364168609999524, "sim": 0.06003554700004088, "diff": {"time": 0.009142049999979918, "vars": [], "numCompared": 10}, "phase": 7, "exectime": 6.705419400999972}