{"parsing": 2.012076986000011, "frontend": 0.10301891200000002, "backend": 0.3296986529999999, "simcode": 0.025342289000000004, "templates": 0.069627612, "build": 3.0538692739999647, "sim": 0.04565442599999869, "diff": {"time": 0.008940603000041847, "vars": [], "numCompared": 10}, "phase": 7, "exectime": 6.436637380000036}