{"parsing": 2.0215967370000385, "frontend": 0.08713425300000001, "backend": 0.007800885000000004, "simcode": 0.004286281999999999, "templates": 0.022496989000000002, "build": 2.0622218679999946, "sim": 0.028200967999964632, "diff": {"time": 0.005031006999956844, "vars": [], "numCompared": 4}, "phase": 7, "exectime": 5.117207915999984}