{"parsing": 1.9963820419999934, "frontend": 0.106261983, "backend": 0.34107013799999997, "simcode": 0.027088499000000002, "templates": 0.07706272800000001, "build": 3.1638022399999954, "sim": 0.04559029000000692, "diff": {"time": 0.007489243999998507, "vars": [], "numCompared": 8}, "phase": 7, "exectime": 6.681543555999951}