{"parsing": 2.0606949159999886, "frontend": 0.11488279099999998, "backend": 0.38129037, "simcode": 0.032315161999999995, "templates": 0.09035646400000001, "build": 3.387918711999987, "sim": 0.11673349499994856, "diff": {"time": 0.010376436999990801, "vars": [], "numCompared": 10}, "phase": 7, "exectime": 7.044422064000059}