{"parsing": 1.9752425010000252, "frontend": 0.10495851199999995, "backend": 0.390752606, "simcode": 0.032228224, "templates": 0.09047131200000001, "build": 3.3222066369999936, "sim": 0.05056070500000942, "diff": {"time": 0.012504007999979194, "vars": [], "numCompared": 10}, "phase": 7, "exectime": 6.779126935000022}