{"parsing": 1.9821904210000127, "frontend": 0.09692721399999998, "backend": 0.08256997800000004, "simcode": 0.220205783, "templates": 0.06348859200000001, "build": 2.734894948999994, "sim": 0.03630441199999268, "diff": {"time": 0.00786923300000808, "vars": [], "numCompared": 8}, "phase": 7, "exectime": 6.032018846}