{"parsing": 2.0200349420000236, "frontend": 0.10313150500000001, "backend": 0.353989231, "simcode": 0.03013810600000001, "templates": 0.088807916, "build": 3.269093515999998, "sim": 0.052957974999998214, "diff": {"time": 0.023662646999980552, "vars": [], "numCompared": 14}, "phase": 7, "exectime": 6.739726137000019}