{"parsing": 2.0278961120000076, "frontend": 0.10192745000000003, "backend": 0.09725054599999994, "simcode": 0.21821755499999998, "templates": 0.059894961000000004, "build": 2.7445447389999913, "sim": 0.03715558799996188, "diff": {"time": 0.008580897999991066, "vars": [], "numCompared": 9}, "phase": 7, "exectime": 6.138339880999979}