{"parsing": 1.9861206859999925, "frontend": 0.09324232099999996, "backend": 0.08312774699999997, "simcode": 0.23461121400000004, "templates": 0.06088583400000001, "build": 2.6964591849999806, "sim": 0.03631965699997863, "diff": {"time": 0.00705834100000402, "vars": [], "numCompared": 8}, "phase": 7, "exectime": 6.019548838000048}