{"parsing": 2.0431916459999684, "frontend": 0.15528405899999997, "backend": 0.9206103589999999, "simcode": 0.079799377, "templates": 0.41693297100000004, "build": 5.229144303999988, "sim": 0.9847165250000103, "diff": {"time": 0.021542092999993656, "vars": [], "numCompared": 24}, "phase": 7, "exectime": 10.699277977999998}