{"parsing": 2.032999753000013, "frontend": 0.11564911, "backend": 0.40168415400000007, "simcode": 0.034213402000000004, "templates": 0.096956867, "build": 3.498638227000015, "sim": 0.19180104600002323, "diff": {"time": 0.01023045599993111, "vars": [], "numCompared": 12}, "phase": 7, "exectime": 7.24879557700001}