{"parsing": 1.9682104080000045, "frontend": 0.10710770099999994, "backend": 0.358012594, "simcode": 0.032145932, "templates": 0.086899192, "build": 3.2507187120000083, "sim": 0.04818271000002028, "diff": {"time": 0.012712980000003427, "vars": [], "numCompared": 10}, "phase": 7, "exectime": 6.701577448999984}