{"parsing": 1.9707774830000062, "frontend": 0.11911898700000001, "backend": 0.35857206500000005, "simcode": 0.030699467000000008, "templates": 0.084536522, "build": 3.210517530000004, "sim": 0.04969230599999719, "diff": {"time": 0.008889576999990823, "vars": [], "numCompared": 10}, "phase": 7, "exectime": 6.6275026669999875}