{"parsing": 1.9752937520000273, "frontend": 0.10612735200000001, "backend": 0.36063020700000004, "simcode": 0.028808095000000006, "templates": 0.08815613900000001, "build": 3.1146519360000298, "sim": 0.18483528499996282, "diff": {"time": 0.013230485999997654, "vars": [], "numCompared": 10}, "phase": 7, "exectime": 6.7301674729999945}