{"parsing": 1.9729972449999877, "frontend": 0.12078042999999994, "backend": 0.352191498, "simcode": 0.027895524000000005, "templates": 0.079288389, "build": 3.245854902000019, "sim": 0.10966433999999481, "diff": {"time": 0.007713459999990846, "vars": [], "numCompared": 7}, "phase": 7, "exectime": 6.7387978359999465}