{"parsing": 2.084016958999996, "frontend": 0.11028710099999994, "backend": 0.37920025400000007, "simcode": 0.030436399000000003, "templates": 0.10271735100000001, "build": 3.2309827949999885, "sim": 0.19246814800004586, "diff": {"time": 0.008778783000025214, "vars": [], "numCompared": 10}, "phase": 7, "exectime": 6.968929758999991}