{"parsing": 1.9839266509999902, "frontend": 0.10833775899999987, "backend": 0.39610583200000005, "simcode": 0.04701896700000002, "templates": 0.32521337300000003, "build": 3.663178801000015, "sim": 0.059114179999994576, "diff": {"time": 0.014137941999990744, "vars": [], "numCompared": 13}, "phase": 7, "exectime": 7.397238598000001}