{"parsing": 2.0156453419999707, "frontend": 0.131828689, "backend": 0.7826637619999999, "simcode": 0.08202856800000002, "templates": 0.598684573, "build": 4.933366116000002, "sim": 0.0887326929999972, "diff": {"time": 0.02791963399999986, "vars": [], "numCompared": 22}, "phase": 7, "exectime": 9.452923394000038}