{"parsing": 2.006048767999971, "frontend": 0.09695167800000001, "backend": 0.052109669, "simcode": 0.015656381000000004, "templates": 0.05200814, "build": 2.5684275670000147, "sim": 0.0336954470000137, "diff": {"time": 0.007535387000018545, "vars": [], "numCompared": 6}, "phase": 7, "exectime": 5.669771060000016}