{"parsing": 1.9858391340000026, "frontend": 0.10619476800000005, "backend": 0.391023558, "simcode": 0.029679872999999996, "templates": 0.08754767100000001, "build": 3.1970274020000033, "sim": 0.051023009000005004, "diff": {"time": 0.005434347999994316, "vars": [], "numCompared": 13}, "phase": 7, "exectime": 6.678899716000018}