{"parsing": 2.0251162529999647, "frontend": 0.1108342120000001, "backend": 0.3697991309999999, "simcode": 0.033909114000000004, "templates": 0.102085769, "build": 3.4947827560000064, "sim": 0.0533701899999528, "diff": {"time": 0.009145395000018652, "vars": [], "numCompared": 11}, "phase": 7, "exectime": 7.044340937000015}