{"parsing": 2.0239448460000062, "frontend": 0.090191243, "backend": 0.04233961, "simcode": 0.011442880999999995, "templates": 0.041339005000000005, "build": 2.3963260649999825, "sim": 0.02910440099998368, "diff": {"time": 0.00598407800001155, "vars": [], "numCompared": 4}, "phase": 7, "exectime": 5.473650380000009}