{"parsing": 1.9759238440000217, "frontend": 0.09821630400000003, "backend": 0.3520917659999999, "simcode": 0.024836197000000004, "templates": 0.06889102700000001, "build": 3.0501712909999696, "sim": 0.17888776399996686, "diff": {"time": 0.01037365399997725, "vars": [], "numCompared": 12}, "phase": 7, "exectime": 6.536747085999991}