{"parsing": 2.0009596310000006, "frontend": 0.08835193200000002, "backend": 0.016188711, "simcode": 0.006610168, "templates": 0.040071611, "build": 2.115126043999993, "sim": 0.023521112999986826, "diff": {"time": 0.004081984999999122, "vars": [], "numCompared": 2}, "phase": 7, "exectime": 5.110223073000014}