{"parsing": 2.023299345000055, "frontend": 0.1288308370000001, "backend": 0.3689858979999999, "simcode": 0.035467188999999996, "templates": 0.098885233, "build": 3.416406876999986, "sim": 0.07046314999996639, "diff": {"time": 0.009071149000021705, "vars": [], "numCompared": 10}, "phase": 7, "exectime": 7.048762160000024}