{"parsing": 1.9633512899999914, "frontend": 0.08762822599999999, "backend": 0.04907003100000001, "simcode": 0.011398776999999999, "templates": 0.046631465000000004, "build": 2.3693610939999985, "sim": 0.0365203959999576, "diff": {"time": 0.00769370099999378, "vars": [], "numCompared": 4}, "phase": 7, "exectime": 5.3797788949999585}