{"parsing": 2.012207410000002, "frontend": 0.08987235700000001, "backend": 0.049431427, "simcode": 0.012650102000000003, "templates": 0.04392602, "build": 2.4436080290000177, "sim": 0.031166608999996015, "diff": {"time": 0.005951062999997703, "vars": [], "numCompared": 4}, "phase": 7, "exectime": 5.480489958000021}