{"parsing": 2.0353960219999863, "frontend": 0.15385145700000002, "backend": 0.8428739529999998, "simcode": 0.08228929900000004, "templates": 0.41535799, "build": 5.150641826000026, "sim": 0.09554052499998988, "diff": {"time": 0.02913017299999865, "vars": [], "numCompared": 22}, "phase": 7, "exectime": 9.664086709000003}