{"parsing": 1.9834720599999969, "frontend": 0.10789755299999992, "backend": 0.387975745, "simcode": 0.033093858000000004, "templates": 0.09170510500000001, "build": 3.4212431130000027, "sim": 0.18973245200004385, "diff": {"time": 0.009895013999994262, "vars": [], "numCompared": 12}, "phase": 7, "exectime": 7.048851898000009}