{"parsing": 2.035768007999991, "frontend": 0.10990413800000004, "backend": 0.37199420800000005, "simcode": 0.02662905, "templates": 0.074409658, "build": 3.15537802099999, "sim": 0.18265366600002153, "diff": {"time": 0.014052544999969996, "vars": [], "numCompared": 12}, "phase": 7, "exectime": 6.817028332000007}