{"parsing": 1.982068083999991, "frontend": 0.09543271400000009, "backend": 0.32465379599999994, "simcode": 0.020593188, "templates": 0.06977042500000001, "build": 2.792691565000041, "sim": 0.10656041999999388, "diff": {"time": 0.008247486999948705, "vars": [], "numCompared": 6}, "phase": 7, "exectime": 6.196989953000013}