{"parsing": 1.9871658139999795, "frontend": 0.10360050600000004, "backend": 0.33261335699999994, "simcode": 0.025544588999999993, "templates": 0.07384686600000001, "build": 3.073282323000001, "sim": 0.04650352300001259, "diff": {"time": 0.013380090999987715, "vars": [], "numCompared": 10}, "phase": 7, "exectime": 6.467709243000002}