{"parsing": 1.9978722880000532, "frontend": 0.098654609, "backend": 0.07998329500000001, "simcode": 0.22004563500000002, "templates": 0.059569619000000004, "build": 2.7236628960000075, "sim": 0.03634577799999761, "diff": {"time": 0.006919713000002048, "vars": [], "numCompared": 6}, "phase": 7, "exectime": 6.015618512999993}