{"parsing": 1.9702288799999792, "frontend": 0.10174913699999999, "backend": 0.3549316189999999, "simcode": 0.03198821, "templates": 0.08963349100000001, "build": 3.403247995000015, "sim": 0.05025707900000498, "diff": {"time": 0.009319011999991744, "vars": [], "numCompared": 11}, "phase": 7, "exectime": 6.830609295999977}