{"parsing": 2.0040700040000274, "frontend": 0.087831574, "backend": 0.048291930000000004, "simcode": 0.010889709999999997, "templates": 0.039116926, "build": 2.3657479899999885, "sim": 0.037570863999974335, "diff": {"time": 0.00575167900001361, "vars": [], "numCompared": 4}, "phase": 7, "exectime": 5.414484495000011}