{"parsing": 1.9769405509999842, "frontend": 0.10034420999999999, "backend": 0.33412245, "simcode": 0.02777178799999999, "templates": 0.07696897600000001, "build": 3.1726023869999835, "sim": 0.045018239000000904, "diff": {"time": 0.010873048000007657, "vars": [], "numCompared": 8}, "phase": 7, "exectime": 6.557642901999998}