{"parsing": 1.959429938000028, "frontend": 0.09488321999999999, "backend": 0.05286593600000001, "simcode": 0.013941216, "templates": 0.047367668, "build": 2.3201657279999495, "sim": 0.08891100300002108, "diff": {"time": 0.00654562500000111, "vars": [], "numCompared": 5}, "phase": 7, "exectime": 5.342979533000005}