{"parsing": 1.9850582870000153, "frontend": 0.09914683399999996, "backend": 0.339725881, "simcode": 0.026920896, "templates": 0.073695719, "build": 3.0902992970000014, "sim": 0.04768751999998244, "diff": {"time": 0.00818458099999475, "vars": [], "numCompared": 7}, "phase": 7, "exectime": 6.4528468500000145}