{"parsing": 2.093790302000002, "frontend": 0.10560748599999997, "backend": 0.33313316600000004, "simcode": 0.026641703000000003, "templates": 0.09518145800000001, "build": 3.184348220000004, "sim": 0.04562531999999919, "diff": {"time": 0.00841249899997365, "vars": [], "numCompared": 8}, "phase": 7, "exectime": 6.705477543000029}