{"parsing": 2.0408341150000524, "frontend": 0.10579946399999995, "backend": 0.08463221799999998, "simcode": 0.22794447100000004, "templates": 0.063619098, "build": 2.8336638189999803, "sim": 0.03691510900000594, "diff": {"time": 0.00665289500000199, "vars": [], "numCompared": 6}, "phase": 7, "exectime": 6.2549535590000005}