{"parsing": 2.0132603609999933, "frontend": 0.10307140800000003, "backend": 0.08268517799999991, "simcode": 0.22433066600000004, "templates": 0.079931163, "build": 2.809606742000028, "sim": 0.037409286999945834, "diff": {"time": 0.00659839299999021, "vars": [], "numCompared": 6}, "phase": 7, "exectime": 6.206008763}