{"parsing": 1.9820587390000242, "frontend": 0.09107491999999995, "backend": 0.05244836399999999, "simcode": 0.011846292000000001, "templates": 0.040730891000000005, "build": 2.4725097539999865, "sim": 0.03762290700001358, "diff": {"time": 0.005900526999994327, "vars": [], "numCompared": 4}, "phase": 7, "exectime": 5.493577815000037}