{"parsing": 2.102103968999984, "frontend": 0.10868703899999993, "backend": 0.368108592, "simcode": 0.03364947, "templates": 0.09547000500000001, "build": 3.460158668999952, "sim": 0.051754334999998264, "diff": {"time": 0.008943659999999909, "vars": [], "numCompared": 10}, "phase": 7, "exectime": 7.063094441999965}