{"parsing": 1.9976605680000148, "frontend": 0.11411220299999991, "backend": 0.351182948, "simcode": 0.03159863, "templates": 0.085993503, "build": 3.3249782679999953, "sim": 0.049669796999978644, "diff": {"time": 0.009407006000003548, "vars": [], "numCompared": 10}, "phase": 7, "exectime": 6.7780659469999875}