{"parsing": 2.044355321000012, "frontend": 0.09736412700000002, "backend": 0.08022672999999997, "simcode": 0.24429935100000003, "templates": 0.05951042300000001, "build": 2.723854813999992, "sim": 0.03733212200000935, "diff": {"time": 0.006956385999956183, "vars": [], "numCompared": 6}, "phase": 7, "exectime": 6.088128612999981}