{"parsing": 2.020611852000002, "frontend": 0.08795870100000001, "backend": 0.046622185999999996, "simcode": 0.012289441000000005, "templates": 0.054162350000000005, "build": 2.4042738360000158, "sim": 0.030181889999994382, "diff": {"time": 0.006063236999978017, "vars": [], "numCompared": 4}, "phase": 7, "exectime": 5.445177134000005}