{"parsing": 1.9820034359999568, "frontend": 0.10151722500000004, "backend": 0.330672178, "simcode": 0.026719908, "templates": 0.075567243, "build": 3.126127193000002, "sim": 0.04543127099998401, "diff": {"time": 0.00768106599997509, "vars": [], "numCompared": 8}, "phase": 7, "exectime": 6.502713384999993}