{"parsing": 1.972488655999996, "frontend": 0.10185015800000008, "backend": 0.3734788319999999, "simcode": 0.032031799, "templates": 0.090182307, "build": 3.3392516530000194, "sim": 0.06534349700007169, "diff": {"time": 0.0082678850000093, "vars": [], "numCompared": 10}, "phase": 7, "exectime": 6.781902311000067}