{"parsing": 1.9550809360000017, "frontend": 0.10394575099999998, "backend": 0.37996985400000005, "simcode": 0.028984918999999998, "templates": 0.085546537, "build": 3.211511905000009, "sim": 0.05171551400002272, "diff": {"time": 0.006680453999990732, "vars": [], "numCompared": 13}, "phase": 7, "exectime": 6.643994813000006}