{"parsing": 1.9882561820000433, "frontend": 0.10530779400000001, "backend": 0.366057769, "simcode": 0.030772029000000006, "templates": 0.085316891, "build": 3.2745678730000236, "sim": 0.06130595100000846, "diff": {"time": 0.009464078999997128, "vars": [], "numCompared": 10}, "phase": 7, "exectime": 6.727113722000013}