{"parsing": 1.991964362999994, "frontend": 0.08961492600000001, "backend": 0.012476848999999998, "simcode": 0.007173598000000003, "templates": 0.030700245, "build": 1.9639792610000057, "sim": 0.028612721000001784, "diff": {"time": 0.0058812340000002905, "vars": [], "numCompared": 4}, "phase": 7, "exectime": 4.942766122000009}