{"parsing": 1.984781159000022, "frontend": 0.10282401299999999, "backend": 0.39430665600000003, "simcode": 0.032000552, "templates": 0.090451849, "build": 3.3274673020000023, "sim": 0.05074386799998365, "diff": {"time": 0.009055988999989495, "vars": [], "numCompared": 10}, "phase": 7, "exectime": 6.79879452800003}