{"parsing": 1.9977684739999972, "frontend": 0.10411219400000005, "backend": 0.37789920999999993, "simcode": 0.03173812000000009, "templates": 0.0865099789999999, "build": 3.2765513850000048, "sim": 0.04820967300000234, "diff": {"time": 0.008773474000008719, "vars": [], "numCompared": 10}, "phase": 7, "exectime": 6.717532108}