{"parsing": 1.9856545569999753, "frontend": 0.09687799799999997, "backend": 0.33430255500000006, "simcode": 0.02916273100000001, "templates": 0.078432371, "build": 3.033708912999998, "sim": 0.04875990499999716, "diff": {"time": 0.01060415599999942, "vars": [], "numCompared": 14}, "phase": 7, "exectime": 6.441208754000002}