{"parsing": 1.9996108090000462, "frontend": 0.09492591899999991, "backend": 0.08001230900000011, "simcode": 0.2161313749999999, "templates": 0.058378771, "build": 2.6946960520000403, "sim": 0.03671195099997249, "diff": {"time": 0.006251613999950223, "vars": [], "numCompared": 6}, "phase": 7, "exectime": 5.970628060000024}