{"parsing": 2.0401931709999985, "frontend": 0.09094254300000001, "backend": 0.039768607000000004, "simcode": 0.01090104, "templates": 0.040715482000000004, "build": 2.3998067930000104, "sim": 0.028620316000001367, "diff": {"time": 0.007423871000014515, "vars": [], "numCompared": 4}, "phase": 7, "exectime": 5.485575435000015}