{"parsing": 2.0364952800000538, "frontend": 0.09670026800000002, "backend": 0.044418297999999995, "simcode": 0.013601741, "templates": 0.059974277000000006, "build": 2.5403320359999952, "sim": 0.032067834000031326, "diff": {"time": 0.0061390400000505, "vars": [], "numCompared": 4}, "phase": 7, "exectime": 5.741865416999985}