{"parsing": 2.0340903229999867, "frontend": 0.11165982400000007, "backend": 0.3642819539999999, "simcode": 0.03481548500000001, "templates": 0.093261697, "build": 3.366276368000001, "sim": 0.050938902999973834, "diff": {"time": 0.009951947999979893, "vars": [], "numCompared": 10}, "phase": 7, "exectime": 6.910665772999948}