{"parsing": 2.017107708000026, "frontend": 0.10449775300000003, "backend": 0.334757725, "simcode": 0.027388308, "templates": 0.07687589, "build": 3.238423527000009, "sim": 0.045381938999980775, "diff": {"time": 0.008338510999976734, "vars": [], "numCompared": 8}, "phase": 7, "exectime": 6.687584898000011}