{"parsing": 1.995541043000003, "frontend": 0.10752097399999994, "backend": 0.410625616, "simcode": 0.04051523800000001, "templates": 0.097931658, "build": 3.4799550750000208, "sim": 0.32571195500003114, "diff": {"time": 0.014280266000014308, "vars": [], "numCompared": 13}, "phase": 7, "exectime": 7.287394790000008}