{"parsing": 2.0282354610000084, "frontend": 0.094048936, "backend": 0.07826627100000001, "simcode": 0.02122078699999999, "templates": 0.06679314800000001, "build": 2.5409922800000118, "sim": 0.07113124900001822, "diff": {"time": 0.006459457000005386, "vars": [], "numCompared": 5}, "phase": 7, "exectime": 5.768492192999986}