{"parsing": 1.9648659119999934, "frontend": 0.09354306000000001, "backend": 0.052146541000000005, "simcode": 0.017176091999999997, "templates": 0.055677937000000004, "build": 2.481279896999979, "sim": 0.03245265200001768, "diff": {"time": 0.007081414999959179, "vars": [], "numCompared": 6}, "phase": 7, "exectime": 5.52298752300004}