{"parsing": 1.9682344100000364, "frontend": 0.10634032700000007, "backend": 0.393893547, "simcode": 0.03203658899999995, "templates": 0.12298125599999998, "build": 3.2962673889999223, "sim": 0.16708355699995536, "diff": {"time": 0.012753165000049194, "vars": [], "numCompared": 12}, "phase": 7, "exectime": 6.910673879000001}