{"parsing": 2.1328402640000377, "frontend": 0.095501684, "backend": 0.050373841999999995, "simcode": 0.012965966000000002, "templates": 0.044955089000000004, "build": 2.556150530000025, "sim": 0.03212698400000136, "diff": {"time": 0.006168183999989196, "vars": [], "numCompared": 4}, "phase": 7, "exectime": 5.803072031999989}