{"parsing": 2.016983812000035, "frontend": 0.11436127800000007, "backend": 0.388519332, "simcode": 0.03171455200000001, "templates": 0.09269023900000001, "build": 3.4549160169999595, "sim": 0.17094981399998233, "diff": {"time": 0.012396781999996165, "vars": [], "numCompared": 12}, "phase": 7, "exectime": 7.145408165000049}