{"parsing": 2.0279955339999844, "frontend": 0.10057923499999988, "backend": 0.332488233, "simcode": 0.025038687000000004, "templates": 0.071420094, "build": 3.0357475280000017, "sim": 0.043117121999983965, "diff": {"time": 0.007394509999983256, "vars": [], "numCompared": 7}, "phase": 7, "exectime": 6.433752591000001}