{"parsing": 1.9852112799999873, "frontend": 0.08704591900000001, "backend": 0.041555072000000005, "simcode": 0.011347772999999998, "templates": 0.039855233000000004, "build": 2.341376421999996, "sim": 0.040487895000012486, "diff": {"time": 0.0071127239999668745, "vars": [], "numCompared": 4}, "phase": 7, "exectime": 5.34544949299999}