{"parsing": 1.9812661489999925, "frontend": 0.10448348600000001, "backend": 0.372466391, "simcode": 0.030961942999999992, "templates": 0.08601702700000001, "build": 3.315750116000004, "sim": 0.04924847500001306, "diff": {"time": 0.009125398999998424, "vars": [], "numCompared": 10}, "phase": 7, "exectime": 6.763572030999995}