{"parsing": 2.0285794060000057, "frontend": 0.1047293789999999, "backend": 0.343485713, "simcode": 0.028425109000000004, "templates": 0.09188288, "build": 3.1403056400000082, "sim": 0.05069893699999284, "diff": {"time": 0.011079316999996536, "vars": [], "numCompared": 14}, "phase": 7, "exectime": 6.675980709000044}