{"parsing": 1.9823446429999763, "frontend": 0.10509576800000003, "backend": 0.37295051300000004, "simcode": 0.032486847, "templates": 0.091269232, "build": 3.412650773999985, "sim": 0.06648626200001218, "diff": {"time": 0.010958901000037713, "vars": [], "numCompared": 10}, "phase": 7, "exectime": 6.894738517999997}