{"parsing": 1.9680178260000503, "frontend": 0.10297377099999994, "backend": 0.360622737, "simcode": 0.02956386000000001, "templates": 0.10787226200000001, "build": 3.3058951250000064, "sim": 0.0612466239999776, "diff": {"time": 0.009512774999961948, "vars": [], "numCompared": 10}, "phase": 7, "exectime": 6.74943491199997}