{"parsing": 1.9794209849999902, "frontend": 0.12224679500000002, "backend": 0.3469349859999999, "simcode": 0.026681649, "templates": 0.07391739900000001, "build": 3.1982784859999924, "sim": 0.04899337099999457, "diff": {"time": 0.013386611999976594, "vars": [], "numCompared": 12}, "phase": 7, "exectime": 6.6295701299999905}