{"parsing": 2.025858725999967, "frontend": 0.11276694499999995, "backend": 0.37191923700000007, "simcode": 0.03734083299999999, "templates": 0.095973574, "build": 3.4418545049999807, "sim": 0.054135655000038696, "diff": {"time": 0.009177293999982794, "vars": [], "numCompared": 10}, "phase": 7, "exectime": 7.019619905000013}