{"parsing": 1.9750053139999864, "frontend": 0.10408086500000002, "backend": 0.37272625600000003, "simcode": 0.03277340199999999, "templates": 0.09098779700000001, "build": 3.212280211999996, "sim": 0.048239434999970854, "diff": {"time": 0.009157666999954017, "vars": [], "numCompared": 10}, "phase": 7, "exectime": 6.6345895259999565}