{"parsing": 1.9716017119999947, "frontend": 0.104543518, "backend": 0.35353974600000004, "simcode": 0.031213772, "templates": 0.089270184, "build": 3.292385418000009, "sim": 0.049918808000001036, "diff": {"time": 0.02514272199999823, "vars": [], "numCompared": 16}, "phase": 7, "exectime": 6.738006508999973}