{"parsing": 2.087845856000058, "frontend": 0.11319880999999987, "backend": 0.417554152, "simcode": 0.034075594000000015, "templates": 0.095242885, "build": 3.5077881419999812, "sim": 0.06635795299996516, "diff": {"time": 0.009167476999891733, "vars": [], "numCompared": 10}, "phase": 7, "exectime": 7.178428277999956}