{"parsing": 1.9752400529999932, "frontend": 0.10366887699999999, "backend": 0.08016786999999997, "simcode": 0.21303043400000005, "templates": 0.059653729, "build": 2.7765084899999692, "sim": 0.038709492000009504, "diff": {"time": 0.007428855000000567, "vars": [], "numCompared": 6}, "phase": 7, "exectime": 6.056778622000024}