{"parsing": 1.9616355870000461, "frontend": 0.10204342699999991, "backend": 0.396620721, "simcode": 0.04019851299999999, "templates": 0.08960770500000001, "build": 3.320012754000004, "sim": 0.050206591000005574, "diff": {"time": 0.00897646799995755, "vars": [], "numCompared": 10}, "phase": 7, "exectime": 6.749305862000028}