{"parsing": 2.101486915999999, "frontend": 0.09346078699999999, "backend": 0.048218736000000005, "simcode": 0.013501770000000003, "templates": 0.043717481, "build": 2.4434282720000056, "sim": 0.030886457999997674, "diff": {"time": 0.00606734799998776, "vars": [], "numCompared": 4}, "phase": 7, "exectime": 5.580201587000005}