{"parsing": 2.030711652999969, "frontend": 0.10275309099999996, "backend": 0.356800261, "simcode": 0.027325899, "templates": 0.07657884100000001, "build": 3.095646443000021, "sim": 0.1857245030000172, "diff": {"time": 0.0086107970000171, "vars": [], "numCompared": 10}, "phase": 7, "exectime": 6.672873315000004}