{"parsing": 2.0294787409999913, "frontend": 0.10716421799999998, "backend": 0.413359104, "simcode": 0.04538409900000001, "templates": 0.09622912, "build": 3.044955011000013, "sim": 0.11246441800000184, "diff": {"time": 0.008236715000009553, "vars": [], "numCompared": 7}, "phase": 7, "exectime": 6.712485630000003}