{"parsing": 2.0449172429999862, "frontend": 0.0878175369999999, "backend": 0.009989264000000001, "simcode": 0.004840444999999999, "templates": 0.023835903000000002, "build": 2.117067485000007, "sim": 0.021325272999945355, "diff": {"time": 0.005663056999992477, "vars": [], "numCompared": 3}, "phase": 7, "exectime": 5.175554182999974}