{"parsing": 1.976441073999979, "frontend": 0.089968638, "backend": 0.05537164800000001, "simcode": 0.013555549, "templates": 0.046425831, "build": 2.4921865069999853, "sim": 0.06602133100000174, "diff": {"time": 0.005498065000040242, "vars": [], "numCompared": 5}, "phase": 7, "exectime": 5.574941776999992}