{"parsing": 1.9841325209999923, "frontend": 0.088000242, "backend": 0.074042999, "simcode": 0.015342208000000024, "templates": 0.24243146100000001, "build": 2.5472397490000276, "sim": 0.04139827699998477, "diff": {"time": 0.005755295000085425, "vars": [], "numCompared": 4}, "phase": 7, "exectime": 5.79408856200007}