{"parsing": 1.9597651670000005, "frontend": 0.09331561200000002, "backend": 0.049655651, "simcode": 0.011551542999999997, "templates": 0.045103036000000006, "build": 2.3422273079999627, "sim": 0.17979777099998273, "diff": {"time": 0.005576522000012574, "vars": [], "numCompared": 5}, "phase": 7, "exectime": 5.4996644849999825}