{"parsing": 2.0394819709999865, "frontend": 0.11700073300000002, "backend": 0.409067902, "simcode": 0.04384645300000001, "templates": 0.10823072699999992, "build": 3.620873405999987, "sim": 0.0778899410000804, "diff": {"time": 0.004996843000071749, "vars": [], "numCompared": 11}, "phase": 7, "exectime": 7.287749265000002}