{"parsing": 1.9780400540000187, "frontend": 0.11870079300000003, "backend": 0.39853564900000005, "simcode": 0.040079275, "templates": 0.09971961600000001, "build": 3.4528442330000075, "sim": 0.0762471290000235, "diff": {"time": 0.00561737200001744, "vars": [], "numCompared": 11}, "phase": 7, "exectime": 7.037375653000026}