{"parsing": 2.0633231700001033, "frontend": 0.10558463400000001, "backend": 0.31870813200000003, "simcode": 0.023775208000000006, "templates": 0.067632753, "build": 3.0465188750000607, "sim": 0.04494592300000022, "diff": {"time": 0.012218325999924673, "vars": [], "numCompared": 8}, "phase": 7, "exectime": 6.510740345000045}