{"parsing": 2.030339669, "frontend": 0.09706525600000004, "backend": 0.051507364999999895, "simcode": 0.013441022000000004, "templates": 0.046674645, "build": 2.5370073280000156, "sim": 0.03065262999996321, "diff": {"time": 0.0054544319999649815, "vars": [], "numCompared": 4}, "phase": 7, "exectime": 5.677802619000033}