{"parsing": 1.99932733899999, "frontend": 0.12697959000000003, "backend": 0.4716726659999999, "simcode": 0.05644818300000004, "templates": 0.336088557, "build": 4.095456328000012, "sim": 0.06549386299997195, "diff": {"time": 0.0180299720000221, "vars": [], "numCompared": 16}, "phase": 7, "exectime": 7.975305903999981}