{"parsing": 1.9855210959999994, "frontend": 0.087971503, "backend": 0.021213090000000004, "simcode": 0.006677934999999999, "templates": 0.031222688000000002, "build": 2.1935706229999994, "sim": 0.025702843000004805, "diff": {"time": 0.004410499000002233, "vars": [], "numCompared": 2}, "phase": 7, "exectime": 5.142825099999996}