{"parsing": 2.0624599910000256, "frontend": 0.10682795699999997, "backend": 0.334232126, "simcode": 0.021466945000000008, "templates": 0.062002565, "build": 2.8944819710000047, "sim": 0.11033365200000844, "diff": {"time": 0.006970728999988296, "vars": [], "numCompared": 6}, "phase": 7, "exectime": 6.436016701000028}