{"parsing": 2.0725038379999887, "frontend": 0.10868749900000008, "backend": 0.3665511549999999, "simcode": 0.029649613000000005, "templates": 0.086928719, "build": 3.377728703999992, "sim": 0.11104880300001696, "diff": {"time": 0.007924082000045019, "vars": [], "numCompared": 7}, "phase": 7, "exectime": 7.022064407000016}