{"parsing": 1.9716158520000135, "frontend": 0.097295562, "backend": 0.34529118000000003, "simcode": 0.026526940999999984, "templates": 0.068104449, "build": 3.009145461999992, "sim": 0.06176128500004552, "diff": {"time": 0.010471171999995477, "vars": [], "numCompared": 14}, "phase": 7, "exectime": 6.387869866000017}