{"parsing": 2.0700459759999603, "frontend": 0.09481020500000001, "backend": 0.043396694, "simcode": 0.013455277000000002, "templates": 0.042921548000000004, "build": 2.4833337800000095, "sim": 0.038447202000043035, "diff": {"time": 0.005688029999987521, "vars": [], "numCompared": 4}, "phase": 7, "exectime": 5.660802367000031}