{"parsing": 1.9714959410000006, "frontend": 0.09237061699999993, "backend": 0.042867855999999996, "simcode": 0.011625501000000003, "templates": 0.047599517, "build": 2.363723469000007, "sim": 0.030719853999983116, "diff": {"time": 0.0053970829999911984, "vars": [], "numCompared": 4}, "phase": 7, "exectime": 5.382810454000008}