{"parsing": 1.9622099269999467, "frontend": 0.10595165200000001, "backend": 0.606373354, "simcode": 0.04289067400000002, "templates": 0.102041933, "build": 3.514423678999947, "sim": 0.35162096000004794, "diff": {"time": 0.009682291999979498, "vars": [], "numCompared": 13}, "phase": 7, "exectime": 7.480765804999976}