{"parsing": 1.991051667000022, "frontend": 0.10233178499999995, "backend": 0.33202534699999997, "simcode": 0.026689100000000007, "templates": 0.076381214, "build": 3.1244422749999785, "sim": 0.045751542000004974, "diff": {"time": 0.008348855999997795, "vars": [], "numCompared": 8}, "phase": 7, "exectime": 6.505021360000001}