{"parsing": 1.9860968809999804, "frontend": 0.10620520700000002, "backend": 0.376502297, "simcode": 0.030475596000000008, "templates": 0.101622851, "build": 3.307882645999996, "sim": 0.16888179299996864, "diff": {"time": 0.009233740000013313, "vars": [], "numCompared": 12}, "phase": 7, "exectime": 6.903632097000013}