{"parsing": 1.9754722420000235, "frontend": 0.078979253, "backend": 0.009721221999999998, "simcode": 0.004243677000000001, "templates": 0.022249107, "build": 1.9951082000000042, "sim": 0.02187496999999894, "diff": {"time": 0.0060442660000035175, "vars": [], "numCompared": 3}, "phase": 7, "exectime": 4.8887093710000045}