{"parsing": 1.9968094550000046, "frontend": 0.08287523799999999, "backend": 0.009161465, "simcode": 0.004291503999999995, "templates": 0.031487771000000005, "build": 2.0058369229999755, "sim": 0.021318285000006654, "diff": {"time": 0.004348192000009021, "vars": [], "numCompared": 3}, "phase": 7, "exectime": 4.983799137999995}