{"parsing": 2.004700189999994, "frontend": 0.09105398199999998, "backend": 0.06752357000000003, "simcode": 0.016620707999999984, "templates": 0.24445787800000002, "build": 2.622940322999966, "sim": 0.03405988100001878, "diff": {"time": 0.005769202000010409, "vars": [], "numCompared": 5}, "phase": 7, "exectime": 5.868793441999969}