{"parsing": 1.970097605000035, "frontend": 0.08429086399999988, "backend": 0.015255167, "simcode": 0.007252539000000002, "templates": 0.030335747000000003, "build": 2.0911747979999973, "sim": 0.023216999999988275, "diff": {"time": 0.004433032000008552, "vars": [], "numCompared": 2}, "phase": 7, "exectime": 5.024032420000026}