{"parsing": 1.9652615040000114, "frontend": 0.09661907699999994, "backend": 0.342339045, "simcode": 0.02597136300000001, "templates": 0.067870896, "build": 3.0060636540000587, "sim": 0.06075593800005663, "diff": {"time": 0.014801053999917713, "vars": [], "numCompared": 14}, "phase": 7, "exectime": 6.392561691999958}