{"parsing": 2.0537477039999885, "frontend": 0.11059824299999998, "backend": 0.35122952699999993, "simcode": 0.029150871999999994, "templates": 0.08316161600000001, "build": 3.2545890320000126, "sim": 0.047107210999968174, "diff": {"time": 0.00845166699997435, "vars": [], "numCompared": 8}, "phase": 7, "exectime": 6.778786443000001}