{"parsing": 1.9850534419999804, "frontend": 0.101198381, "backend": 0.3367678499999999, "simcode": 0.028130157000000003, "templates": 0.077922694, "build": 3.186104033000049, "sim": 0.046895503999962784, "diff": {"time": 0.011145628999997825, "vars": [], "numCompared": 8}, "phase": 7, "exectime": 6.5847910019999745}