{"parsing": 2.0930826559999787, "frontend": 0.11085016199999997, "backend": 0.36786288199999995, "simcode": 0.03406239900000001, "templates": 0.088610801, "build": 3.4024040799999966, "sim": 0.055212444999995114, "diff": {"time": 0.016882672999997794, "vars": [], "numCompared": 14}, "phase": 7, "exectime": 7.057107944999984}