{"parsing": 2.1464334140000005, "frontend": 0.10907295800000005, "backend": 0.37164004799999995, "simcode": 0.03840800200000001, "templates": 0.09124220200000001, "build": 3.3438796610000168, "sim": 0.058032414000024346, "diff": {"time": 0.029597372000012, "vars": [], "numCompared": 18}, "phase": 7, "exectime": 7.016252013000042}