{"parsing": 2.0635341199999857, "frontend": 0.11463104000000002, "backend": 0.426587932, "simcode": 0.057143869999999986, "templates": 0.330439134, "build": 4.111404452999977, "sim": 0.06658205399997996, "diff": {"time": 0.01802082900002233, "vars": [], "numCompared": 16}, "phase": 7, "exectime": 7.994927625999992}