{"parsing": 1.9849636659999987, "frontend": 0.10407580599999994, "backend": 0.350535299, "simcode": 0.03230137100000001, "templates": 0.087829771, "build": 3.2832692140000006, "sim": 0.04965212600001223, "diff": {"time": 0.010540312000017593, "vars": [], "numCompared": 10}, "phase": 7, "exectime": 6.719132032999994}