{"parsing": 1.9961617129999922, "frontend": 0.09300330600000006, "backend": 0.06773818899999995, "simcode": 0.01629544000000005, "templates": 0.25034475999999994, "build": 2.5983911790000036, "sim": 0.033404845000006844, "diff": {"time": 0.007969253999988268, "vars": [], "numCompared": 5}, "phase": 7, "exectime": 5.891503319999998}