{"parsing": 1.959924892999993, "frontend": 0.102821418, "backend": 0.410569081, "simcode": 0.04480707399999999, "templates": 0.09051998900000001, "build": 3.2880563020000864, "sim": 0.06404024899995875, "diff": {"time": 0.008847500000001673, "vars": [], "numCompared": 10}, "phase": 7, "exectime": 6.778502443999969}