{"parsing": 2.033389311999997, "frontend": 0.09616944699999996, "backend": 0.337074212, "simcode": 0.025950584, "templates": 0.072431085, "build": 3.1112231370000245, "sim": 0.0468055110000023, "diff": {"time": 0.01009022100004131, "vars": [], "numCompared": 7}, "phase": 7, "exectime": 6.528795674000037}