{"parsing": 2.0133099660000084, "frontend": 0.10361659000000001, "backend": 0.3361256370000001, "simcode": 0.028706923999999925, "templates": 0.08400790600000001, "build": 3.151246114999992, "sim": 0.04600790199998528, "diff": {"time": 0.007690389999993386, "vars": [], "numCompared": 8}, "phase": 7, "exectime": 6.6017100729999925}