{"parsing": 1.9982942819999607, "frontend": 0.10282486299999993, "backend": 0.34844816300000003, "simcode": 0.031871781000000016, "templates": 0.104276268, "build": 3.256459318999987, "sim": 0.052650454999991325, "diff": {"time": 0.015389045999995687, "vars": [], "numCompared": 14}, "phase": 7, "exectime": 6.6963163290000125}