{"parsing": 2.07162778899999, "frontend": 0.10302925000000002, "backend": 0.345757833, "simcode": 0.020583398000000003, "templates": 0.068358134, "build": 2.9027431920000026, "sim": 0.17879782599999317, "diff": {"time": 0.008356358000014552, "vars": [], "numCompared": 9}, "phase": 7, "exectime": 6.504965201999994}