{"parsing": 1.975832195999999, "frontend": 0.10291067300000001, "backend": 0.35697605799999993, "simcode": 0.035866017000000014, "templates": 0.10067599, "build": 3.3757459289999474, "sim": 0.05040574000003062, "diff": {"time": 0.008947798000008333, "vars": [], "numCompared": 10}, "phase": 7, "exectime": 6.832483072000002}