{"parsing": 1.9804594440000187, "frontend": 0.101964379, "backend": 0.37252417, "simcode": 0.030735864, "templates": 0.084985129, "build": 3.2631040679999614, "sim": 0.04890328699997326, "diff": {"time": 0.009352477999982511, "vars": [], "numCompared": 10}, "phase": 7, "exectime": 6.6937187780000045}