{"parsing": 2.065478939000002, "frontend": 0.10871835699999999, "backend": 0.346638371, "simcode": 0.028402366999999998, "templates": 0.10503579, "build": 3.2599719010000285, "sim": 0.04707243399997196, "diff": {"time": 0.008837262000042756, "vars": [], "numCompared": 8}, "phase": 7, "exectime": 6.812466668000013}