{"parsing": 1.9997711030000005, "frontend": 0.08846849300000002, "backend": 0.042519328999999995, "simcode": 0.011688048000000006, "templates": 0.040611623, "build": 2.4256997519999572, "sim": 0.030842144000018834, "diff": {"time": 0.007888724999986607, "vars": [], "numCompared": 4}, "phase": 7, "exectime": 5.476210949999995}