{"parsing": 2.0541249640000387, "frontend": 0.10318341700000006, "backend": 0.35502695100000004, "simcode": 0.027199945000000003, "templates": 0.07165658500000001, "build": 3.0473777150000387, "sim": 0.06421653500001412, "diff": {"time": 0.014712372999952095, "vars": [], "numCompared": 14}, "phase": 7, "exectime": 6.615224412999964}