{"parsing": 1.9655150620000086, "frontend": 0.09985698100000007, "backend": 0.3324074119999999, "simcode": 0.023006286, "templates": 0.07360082700000001, "build": 2.8980319550000218, "sim": 0.1094852850000052, "diff": {"time": 0.007756459000006544, "vars": [], "numCompared": 7}, "phase": 7, "exectime": 6.331107059000033}