{"parsing": 2.1924199609999846, "frontend": 0.10411527500000001, "backend": 0.33948682, "simcode": 0.03012281, "templates": 0.08361985400000001, "build": 3.249451507999993, "sim": 0.046470584000019244, "diff": {"time": 0.006909674999974413, "vars": [], "numCompared": 8}, "phase": 7, "exectime": 6.851301685999999}