{"parsing": 1.990911355000037, "frontend": 0.10005039900000001, "backend": 0.33854693999999996, "simcode": 0.022756739999999998, "templates": 0.065232118, "build": 2.8919663449999575, "sim": 0.17121626800002332, "diff": {"time": 0.01124015599998529, "vars": [], "numCompared": 12}, "phase": 7, "exectime": 6.401130083999988}