{"parsing": 1.9795569359999945, "frontend": 0.11447013400000006, "backend": 0.3349312689999999, "simcode": 0.023176912999999993, "templates": 0.06963251200000001, "build": 2.9113165750000007, "sim": 0.10986280800000259, "diff": {"time": 0.007760761000014327, "vars": [], "numCompared": 7}, "phase": 7, "exectime": 6.386991704999986}