{"parsing": 1.9683551279999847, "frontend": 0.09669372399999998, "backend": 0.342095623, "simcode": 0.02621528699999999, "templates": 0.08123667100000001, "build": 3.1063060269999596, "sim": 0.04294066899996096, "diff": {"time": 0.007471506000001682, "vars": [], "numCompared": 7}, "phase": 7, "exectime": 6.452770794000003}