{"parsing": 2.039734950999957, "frontend": 0.10899430200000004, "backend": 0.360265489, "simcode": 0.029517014000000008, "templates": 0.083834451, "build": 3.3217017449999844, "sim": 0.048588563999999224, "diff": {"time": 0.00876348499997448, "vars": [], "numCompared": 8}, "phase": 7, "exectime": 6.8566374339999925}