{"parsing": 2.032358196999894, "frontend": 0.10067844099999995, "backend": 0.34434929400000003, "simcode": 0.02769476400000001, "templates": 0.078501263, "build": 3.199962909999954, "sim": 0.10993658099994263, "diff": {"time": 0.007672001000059936, "vars": [], "numCompared": 7}, "phase": 7, "exectime": 6.700313220999988}