{"parsing": 2.0348777539999787, "frontend": 0.09623773600000007, "backend": 0.06977840299999993, "simcode": 0.016609288000000055, "templates": 0.25544426899999995, "build": 2.732500799000036, "sim": 0.035223545000008016, "diff": {"time": 0.006160039000008055, "vars": [], "numCompared": 5}, "phase": 7, "exectime": 6.118936899000005}