{"parsing": 2.0540023789999964, "frontend": 0.11351767499999998, "backend": 0.42222864000000004, "simcode": 0.04348467800000001, "templates": 0.103196511, "build": 3.577085871999998, "sim": 0.32847837600002094, "diff": {"time": 0.011314520000041739, "vars": [], "numCompared": 13}, "phase": 7, "exectime": 7.582886945999974}