{"parsing": 2.156932117999986, "frontend": 0.090722623, "backend": 0.04795816, "simcode": 0.011074974000000001, "templates": 0.050288866, "build": 2.353467697000042, "sim": 0.03732929799997464, "diff": {"time": 0.005375397000022986, "vars": [], "numCompared": 4}, "phase": 7, "exectime": 5.595178336000004}