{"parsing": 2.053741031999948, "frontend": 0.094220675, "backend": 0.050759131, "simcode": 0.012741566000000003, "templates": 0.050479073000000006, "build": 2.4515911029999415, "sim": 0.03841124299992771, "diff": {"time": 0.007559472999901118, "vars": [], "numCompared": 4}, "phase": 7, "exectime": 5.6084433340000714}