{"parsing": 2.050077755000018, "frontend": 0.09407017499999999, "backend": 0.024587083000000003, "simcode": 0.009510232, "templates": 0.046028601, "build": 2.222052722000001, "sim": 0.026701026000012007, "diff": {"time": 0.006370852000031846, "vars": [], "numCompared": 2}, "phase": 7, "exectime": 5.33617614100001}