{"parsing": 2.0283564270000056, "frontend": 0.1438960359999999, "backend": 0.8206756190000001, "simcode": 0.06652354399999999, "templates": 0.384412546, "build": 4.749369435999995, "sim": 0.3086435959999676, "diff": {"time": 0.02131859799999347, "vars": [], "numCompared": 21}, "phase": 7, "exectime": 9.354442404999986}