{"parsing": 2.015151080999999, "frontend": 0.10965795699999997, "backend": 0.34426092, "simcode": 0.030024792999999994, "templates": 0.087466416, "build": 3.3187045869999565, "sim": 0.04744114699997226, "diff": {"time": 0.011121015000014722, "vars": [], "numCompared": 8}, "phase": 7, "exectime": 6.8086847089999765}