{"parsing": 2.0080594770000175, "frontend": 0.093266223, "backend": 0.055344963000000004, "simcode": 0.012674789999999984, "templates": 0.04280649800000001, "build": 2.487515110000004, "sim": 0.03968073200002209, "diff": {"time": 0.007904026000005615, "vars": [], "numCompared": 4}, "phase": 7, "exectime": 5.607421289000001}