{"parsing": 2.021936084999993, "frontend": 0.10313906900000008, "backend": 0.08248949300000002, "simcode": 0.22427863199999998, "templates": 0.063011933, "build": 2.8278731230000176, "sim": 0.03762751499999695, "diff": {"time": 0.0066499879999923905, "vars": [], "numCompared": 6}, "phase": 7, "exectime": 6.1934028010000475}