{"parsing": 2.0235956310000347, "frontend": 0.0932943759999999, "backend": 0.086630877, "simcode": 0.01895681199999999, "templates": 0.247026454, "build": 2.611824177000017, "sim": 0.04422941500001798, "diff": {"time": 0.006328258999985792, "vars": [], "numCompared": 4}, "phase": 7, "exectime": 5.956614618000003}