{"parsing": 2.064429065000013, "frontend": 0.130422158, "backend": 0.38563830900000007, "simcode": 0.03774193799999999, "templates": 0.09477115300000001, "build": 3.4724100969999654, "sim": 0.05242226300003949, "diff": {"time": 0.00928798799998276, "vars": [], "numCompared": 10}, "phase": 7, "exectime": 7.090252678000013}