{"parsing": 2.0247876950000148, "frontend": 0.11049046100000015, "backend": 0.3945024509999999, "simcode": 0.034321907999999984, "templates": 0.106628101, "build": 3.371807189000009, "sim": 0.051765920000008236, "diff": {"time": 0.005563933999980009, "vars": [], "numCompared": 13}, "phase": 7, "exectime": 6.963182353000008}