{"parsing": 2.022952604000011, "frontend": 0.11020872500000001, "backend": 0.369420097, "simcode": 0.032638117999999994, "templates": 0.08306229100000001, "build": 3.275763310000002, "sim": 0.1920201869999687, "diff": {"time": 0.009346395000022767, "vars": [], "numCompared": 10}, "phase": 7, "exectime": 6.889867211000023}