{"parsing": 2.0744928659999857, "frontend": 0.104094782, "backend": 0.34439180599999997, "simcode": 0.029356175999999998, "templates": 0.073824096, "build": 3.204851003999977, "sim": 0.05549931600000946, "diff": {"time": 0.00786364400002526, "vars": [], "numCompared": 7}, "phase": 7, "exectime": 6.818194240999986}