{"parsing": 2.038010494000048, "frontend": 0.10091019200000012, "backend": 0.08206703399999998, "simcode": 0.221647406, "templates": 0.062109228, "build": 2.8565674330000093, "sim": 0.0381715139999983, "diff": {"time": 0.007444541000040772, "vars": [], "numCompared": 6}, "phase": 7, "exectime": 6.230291996000005}