{"parsing": 2.0113380679999864, "frontend": 0.10678504000000016, "backend": 0.339853578, "simcode": 0.029890802999999924, "templates": 0.08098878399999998, "build": 3.2723429629999714, "sim": 0.04660222000001113, "diff": {"time": 0.007683444999997846, "vars": [], "numCompared": 8}, "phase": 7, "exectime": 6.756961090000004}