{"parsing": 2.0069929439999896, "frontend": 0.10571879100000009, "backend": 0.3530261259999999, "simcode": 0.030128666, "templates": 0.078773442, "build": 3.335267839000011, "sim": 0.05110475799997971, "diff": {"time": 0.013420483999993849, "vars": [], "numCompared": 12}, "phase": 7, "exectime": 6.839068518000005}