{"parsing": 2.0335210100000154, "frontend": 0.16559896200000002, "backend": 1.284776132, "simcode": 0.13374545699999996, "templates": 0.476642495, "build": 6.170044965999978, "sim": 0.23267094599998472, "diff": {"time": 0.03214516100001674, "vars": [], "numCompared": 27}, "phase": 7, "exectime": 11.363391896999985}