{"parsing": 2.066131998000003, "frontend": 0.11103454599999996, "backend": 0.37869742399999995, "simcode": 0.03485521400000004, "templates": 0.09005774899999996, "build": 3.3161215779999793, "sim": 0.063785007999968, "diff": {"time": 0.009749777999957132, "vars": [], "numCompared": 10}, "phase": 7, "exectime": 6.912713602999986}