{"parsing": 2.014105763000032, "frontend": 0.11188793899999994, "backend": 0.42063738900000003, "simcode": 0.04537653800000001, "templates": 0.103291921, "build": 3.5680407290000176, "sim": 0.3826573889999736, "diff": {"time": 0.010962147999975969, "vars": [], "numCompared": 13}, "phase": 7, "exectime": 7.508044327999983}