{"parsing": 2.044438619999994, "frontend": 0.15045559900000005, "backend": 0.8723280709999999, "simcode": 0.10264840300000017, "templates": 0.4222731909999999, "build": 5.181629127999997, "sim": 0.09172966499994573, "diff": {"time": 0.02862505199999532, "vars": [], "numCompared": 22}, "phase": 7, "exectime": 9.74899351299996}