{"parsing": 2.0232465990000037, "frontend": 0.13336857400000002, "backend": 0.3662650729999999, "simcode": 0.038115934000000004, "templates": 0.094099739, "build": 3.407861923999974, "sim": 0.05179286600002797, "diff": {"time": 0.009594066999966344, "vars": [], "numCompared": 10}, "phase": 7, "exectime": 6.954651296999998}