{"parsing": 2.0236760939999954, "frontend": 0.10923640100000004, "backend": 0.36592481899999996, "simcode": 0.03634626299999999, "templates": 0.094029889, "build": 3.503054863999978, "sim": 0.052968964000001506, "diff": {"time": 0.011492446000033851, "vars": [], "numCompared": 10}, "phase": 7, "exectime": 7.052562655999964}