{"parsing": 2.0146363949999966, "frontend": 0.092415807, "backend": 0.043498112, "simcode": 0.012037773000000002, "templates": 0.042458819, "build": 2.525414154999993, "sim": 0.03205485800000929, "diff": {"time": 0.008949644000011858, "vars": [], "numCompared": 4}, "phase": 7, "exectime": 5.6045009289999825}