{"parsing": 2.0256408029999875, "frontend": 0.14975268600000002, "backend": 0.8987492020000001, "simcode": 0.09727089299999997, "templates": 0.400541666, "build": 5.25386004500001, "sim": 0.9829550040000186, "diff": {"time": 0.020586083000011968, "vars": [], "numCompared": 24}, "phase": 7, "exectime": 10.707022339000048}