{"parsing": 2.1084869480000066, "frontend": 0.09605362699999999, "backend": 0.051007451, "simcode": 0.013296420999999996, "templates": 0.046302385, "build": 2.5423344980000024, "sim": 0.03171947699999578, "diff": {"time": 0.006073602000014944, "vars": [], "numCompared": 4}, "phase": 7, "exectime": 5.751347695000021}