{"parsing": 2.0404429059999813, "frontend": 0.09480930100000001, "backend": 0.059448215999999984, "simcode": 0.017897622000000002, "templates": 0.054769098, "build": 2.4819057630000145, "sim": 0.21364064899998425, "diff": {"time": 0.008618608999995558, "vars": [], "numCompared": 5}, "phase": 7, "exectime": 5.823021178999994}