{"parsing": 2.028480697999953, "frontend": 0.14036448299999993, "backend": 0.8202356350000001, "simcode": 0.06698521499999999, "templates": 0.392892107, "build": 4.743341989000044, "sim": 0.31398941800000557, "diff": {"time": 0.0209149169999705, "vars": [], "numCompared": 21}, "phase": 7, "exectime": 9.368801177000023}