{"parsing": 2.0090633830000115, "frontend": 0.11241110300000001, "backend": 0.417672809, "simcode": 0.034256858, "templates": 0.090838319, "build": 3.3868561810000415, "sim": 0.18060508599995728, "diff": {"time": 0.009738576000017929, "vars": [], "numCompared": 12}, "phase": 7, "exectime": 7.066970454999989}