{"parsing": 1.998872174999974, "frontend": 0.10914188099999994, "backend": 0.3705891370000001, "simcode": 0.033456594999999895, "templates": 0.089439876, "build": 3.373940705999985, "sim": 0.06376504799999339, "diff": {"time": 0.009846428000003016, "vars": [], "numCompared": 10}, "phase": 7, "exectime": 6.887634129000048}