{"parsing": 2.0095837879999863, "frontend": 0.10729000199999994, "backend": 0.41453949500000004, "simcode": 0.04134023900000011, "templates": 0.0909716639999999, "build": 3.268979243999979, "sim": 0.07322922500003415, "diff": {"time": 0.019696533999990606, "vars": [], "numCompared": 18}, "phase": 7, "exectime": 6.842784928000015}