{"parsing": 2.058152316000019, "frontend": 0.11176693199999999, "backend": 0.390955826, "simcode": 0.03474089099999998, "templates": 0.09468958100000001, "build": 3.4251519550000467, "sim": 0.17212795199998254, "diff": {"time": 0.012575125000012122, "vars": [], "numCompared": 12}, "phase": 7, "exectime": 7.172929237000005}