{"parsing": 2.0446025070000076, "frontend": 0.094299614, "backend": 0.049140669, "simcode": 0.013374155999999984, "templates": 0.04620436200000001, "build": 2.5478494430000183, "sim": 0.031973674999989043, "diff": {"time": 0.007365082000006851, "vars": [], "numCompared": 4}, "phase": 7, "exectime": 5.703374534999995}