{"parsing": 2.022799358000043, "frontend": 0.10945714400000006, "backend": 0.35224491799999996, "simcode": 0.031105068, "templates": 0.08597608600000001, "build": 3.334341166999991, "sim": 0.048628865000011956, "diff": {"time": 0.011116713000035361, "vars": [], "numCompared": 8}, "phase": 7, "exectime": 6.815276022999967}