{"parsing": 2.0155168179999805, "frontend": 0.12318686299999992, "backend": 0.4553412130000001, "simcode": 0.06991415699999998, "templates": 0.346173907, "build": 4.178446269999995, "sim": 0.07030061500000784, "diff": {"time": 0.018678413999964505, "vars": [], "numCompared": 16}, "phase": 7, "exectime": 8.110842533999971}