{"parsing": 2.0094923849999873, "frontend": 0.10989369799999993, "backend": 0.36869660800000015, "simcode": 0.03554412799999998, "templates": 0.09036002300000001, "build": 3.3491572089999977, "sim": 0.04976056999998946, "diff": {"time": 0.01217350800004624, "vars": [], "numCompared": 10}, "phase": 7, "exectime": 6.866029824999998}