{"parsing": 2.022239242000012, "frontend": 0.11037529199999996, "backend": 0.363162725, "simcode": 0.03742778199999999, "templates": 0.101585916, "build": 3.372847852999996, "sim": 0.05104739099999733, "diff": {"time": 0.011926644000027409, "vars": [], "numCompared": 10}, "phase": 7, "exectime": 6.928427036000016}