{"parsing": 2.0203194430000053, "frontend": 0.09488240699999999, "backend": 0.058316455, "simcode": 0.013556393, "templates": 0.045720172, "build": 2.5079318310000076, "sim": 0.07086180900000727, "diff": {"time": 0.007386823000018694, "vars": [], "numCompared": 5}, "phase": 7, "exectime": 5.656924201999999}