{"parsing": 2.0495189419999917, "frontend": 0.092652158, "backend": 0.041952491, "simcode": 0.012399679000000004, "templates": 0.041325872, "build": 2.4228238480000073, "sim": 0.030195023999993964, "diff": {"time": 0.006431743000007373, "vars": [], "numCompared": 4}, "phase": 7, "exectime": 5.528652371000021}