{"parsing": 2.022183291999994, "frontend": 0.09215409899999999, "backend": 0.016219755000000016, "simcode": 0.007314392999999995, "templates": 0.031147948, "build": 2.183129301000008, "sim": 0.024304243999978326, "diff": {"time": 0.005576149999996005, "vars": [], "numCompared": 2}, "phase": 7, "exectime": 5.220739946999998}