{"parsing": 2.017248470000027, "frontend": 0.10857839400000008, "backend": 0.361713004, "simcode": 0.034476197, "templates": 0.090950444, "build": 3.4547010869999895, "sim": 0.05190644900000052, "diff": {"time": 0.009118402000012793, "vars": [], "numCompared": 10}, "phase": 7, "exectime": 6.979794726000023}