{"parsing": 2.0199277870000287, "frontend": 0.10157943000000014, "backend": 0.08205525399999986, "simcode": 0.252762021, "templates": 0.06132731, "build": 2.920691637999994, "sim": 0.037929641000005176, "diff": {"time": 0.008845753000002787, "vars": [], "numCompared": 6}, "phase": 7, "exectime": 6.324434773999997}