{"parsing": 2.035733020000009, "frontend": 0.15731635299999996, "backend": 0.38035133600000004, "simcode": 0.029879243, "templates": 0.081173754, "build": 3.2131347089999736, "sim": 0.1900429130000134, "diff": {"time": 0.012849356000003809, "vars": [], "numCompared": 10}, "phase": 7, "exectime": 6.9298874340000225}