{"parsing": 2.001764297999955, "frontend": 0.11094237300000004, "backend": 0.08375789899999997, "simcode": 0.22274399, "templates": 0.06448616, "build": 3.030243086999974, "sim": 0.03875266800002919, "diff": {"time": 0.0070869800000537, "vars": [], "numCompared": 6}, "phase": 7, "exectime": 6.42282725299998}