{"parsing": 2.0178079949999983, "frontend": 0.086523166, "backend": 0.008550177999999999, "simcode": 0.004431466999999998, "templates": 0.022920181, "build": 2.0247095109999975, "sim": 0.045949772000000166, "diff": {"time": 0.007696640999995452, "vars": [], "numCompared": 4}, "phase": 7, "exectime": 5.051258442000005}