{"parsing": 2.0237572130000103, "frontend": 0.09995910600000008, "backend": 0.32979655, "simcode": 0.022610303999999998, "templates": 0.062685317, "build": 2.8772621069999786, "sim": 0.11181906299998445, "diff": {"time": 0.00711568700000953, "vars": [], "numCompared": 6}, "phase": 7, "exectime": 6.372719552999996}