{"parsing": 2.0215917730000115, "frontend": 0.094023149, "backend": 0.042831039999999994, "simcode": 0.012609099000000006, "templates": 0.041552325, "build": 2.4477291910000076, "sim": 0.03172822700000211, "diff": {"time": 0.0055915660000209755, "vars": [], "numCompared": 4}, "phase": 7, "exectime": 5.545310134000005}