{"parsing": 2.024905814999954, "frontend": 0.11153403700000009, "backend": 0.388607025, "simcode": 0.04016890499999999, "templates": 0.106256053, "build": 3.506860114999995, "sim": 0.06971881800001256, "diff": {"time": 0.009278219000009358, "vars": [], "numCompared": 10}, "phase": 7, "exectime": 7.113993802999971}