{"parsing": 2.0096534989999952, "frontend": 0.0844149549999999, "backend": 0.009241532, "simcode": 0.004504251000000001, "templates": 0.023190696, "build": 2.0459225639999943, "sim": 0.022140793000005488, "diff": {"time": 0.005821513999990202, "vars": [], "numCompared": 3}, "phase": 7, "exectime": 5.035261882999976}