{"parsing": 2.028322510999999, "frontend": 0.10973567499999992, "backend": 0.373988889, "simcode": 0.03200638999999998, "templates": 0.09479593700000001, "build": 3.3984700299999986, "sim": 0.11084859999999708, "diff": {"time": 0.009302676999993764, "vars": [], "numCompared": 7}, "phase": 7, "exectime": 6.997101067000017}