{"parsing": 2.0561065440000448, "frontend": 0.10777857299999988, "backend": 0.34465217800000003, "simcode": 0.029327933, "templates": 0.080179231, "build": 3.265467605000026, "sim": 0.04840994500000306, "diff": {"time": 0.008889493000026505, "vars": [], "numCompared": 8}, "phase": 7, "exectime": 6.803792628999986}