{"parsing": 2.1031818700000144, "frontend": 0.10667748499999996, "backend": 0.343956241, "simcode": 0.02989915900000001, "templates": 0.079777163, "build": 3.2800418090000107, "sim": 0.04965646300001936, "diff": {"time": 0.01124571200000446, "vars": [], "numCompared": 8}, "phase": 7, "exectime": 6.869430461000036}