{"parsing": 2.015480697999976, "frontend": 0.11081791199999991, "backend": 0.45855192200000006, "simcode": 0.03926790500000002, "templates": 0.103866091, "build": 3.4432191810000177, "sim": 0.07400062099998195, "diff": {"time": 0.009627560000012636, "vars": [], "numCompared": 10}, "phase": 7, "exectime": 7.129435940999997}