{"parsing": 2.014475166000011, "frontend": 0.10472782199999991, "backend": 0.3640866160000001, "simcode": 0.02775213399999993, "templates": 0.07143136, "build": 3.176472321999995, "sim": 0.1827099430000203, "diff": {"time": 0.013739306999980272, "vars": [], "numCompared": 12}, "phase": 7, "exectime": 6.794658133999974}