{"parsing": 2.016957431999998, "frontend": 0.12241284900000009, "backend": 0.051897411999999886, "simcode": 0.012086554000000013, "templates": 0.041595475, "build": 2.4787110229999882, "sim": 0.0964335829999925, "diff": {"time": 0.007698576999985107, "vars": [], "numCompared": 5}, "phase": 7, "exectime": 5.69255238300002}