{"parsing": 2.018672238000022, "frontend": 0.11862211899999997, "backend": 0.38153345400000005, "simcode": 0.03485939199999999, "templates": 0.089477677, "build": 3.352196534999962, "sim": 0.06322435200002019, "diff": {"time": 0.00967185300004303, "vars": [], "numCompared": 10}, "phase": 7, "exectime": 6.927316867000002}