{"parsing": 2.041930570999966, "frontend": 0.09848357899999999, "backend": 0.05106609, "simcode": 0.011305957999999998, "templates": 0.040656762, "build": 2.531563353000024, "sim": 0.03816120900000897, "diff": {"time": 0.005363610000017616, "vars": [], "numCompared": 4}, "phase": 7, "exectime": 5.665052146999983}