{"parsing": 2.012220496999987, "frontend": 0.094035819, "backend": 0.04154027199999999, "simcode": 0.012945526999999991, "templates": 0.05529437700000001, "build": 2.469823553999987, "sim": 0.029852951999998822, "diff": {"time": 0.006277944999993679, "vars": [], "numCompared": 4}, "phase": 7, "exectime": 5.577315026000008}