{"parsing": 2.0081969189999995, "frontend": 0.10352051099999998, "backend": 0.349750669, "simcode": 0.024951750999999994, "templates": 0.071738349, "build": 3.0082355610000207, "sim": 0.1125794879999944, "diff": {"time": 0.008728423999997403, "vars": [], "numCompared": 7}, "phase": 7, "exectime": 6.546784662999983}