{"parsing": 2.0004860180000037, "frontend": 0.11795244999999999, "backend": 0.37130127599999996, "simcode": 0.036600378, "templates": 0.114292205, "build": 3.452950451999982, "sim": 0.0539621529999863, "diff": {"time": 0.009262548999970477, "vars": [], "numCompared": 10}, "phase": 7, "exectime": 7.068911893000006}