{"parsing": 2.019586038, "frontend": 0.10768457700000006, "backend": 0.359371234, "simcode": 0.035520473, "templates": 0.089277565, "build": 3.4240756840000017, "sim": 0.05144190100003243, "diff": {"time": 0.009302604000026804, "vars": [], "numCompared": 10}, "phase": 7, "exectime": 6.94061719299998}