{"parsing": 2.0731274199999916, "frontend": 0.09688070500000001, "backend": 0.073101623, "simcode": 0.019173722999999976, "templates": 0.267732309, "build": 2.7580248950000055, "sim": 0.03531159499999603, "diff": {"time": 0.006091267000016387, "vars": [], "numCompared": 5}, "phase": 7, "exectime": 6.209457463000007}