{"parsing": 2.053109823, "frontend": 0.11276407300000002, "backend": 0.40227231399999996, "simcode": 0.037320801999999986, "templates": 0.09783309200000001, "build": 3.523397755000019, "sim": 0.19219026700000086, "diff": {"time": 0.01004218299999593, "vars": [], "numCompared": 12}, "phase": 7, "exectime": 7.291269874000022}