{"parsing": 2.0047184379999976, "frontend": 0.12106867199999993, "backend": 0.4154183350000001, "simcode": 0.046108362999999986, "templates": 0.104409739, "build": 3.585275567999986, "sim": 0.07742833200001087, "diff": {"time": 0.005637040000010529, "vars": [], "numCompared": 11}, "phase": 7, "exectime": 7.25826061600003}