{"parsing": 2.036676201000006, "frontend": 0.094861499, "backend": 0.049533903000000004, "simcode": 0.013745247999999995, "templates": 0.045435358, "build": 2.631734126999987, "sim": 0.03134895200000187, "diff": {"time": 0.005968108000018901, "vars": [], "numCompared": 4}, "phase": 7, "exectime": 5.74566633500001}