{"parsing": 2.058905723999999, "frontend": 0.10544563199999996, "backend": 0.352808191, "simcode": 0.02501403799999999, "templates": 0.06808855100000001, "build": 3.0502389080000114, "sim": 0.1766661030000023, "diff": {"time": 0.013123947999986285, "vars": [], "numCompared": 12}, "phase": 7, "exectime": 6.683918810000023}