{"parsing": 2.0581885979999868, "frontend": 0.10662949900000002, "backend": 0.360139356, "simcode": 0.035049976, "templates": 0.086949653, "build": 3.435579443999984, "sim": 0.054397665999999845, "diff": {"time": 0.016658288999991555, "vars": [], "numCompared": 14}, "phase": 7, "exectime": 7.007482854000017}