{"parsing": 2.059412730999952, "frontend": 0.1079282319999999, "backend": 0.37481617600000006, "simcode": 0.042802247, "templates": 0.092293685, "build": 3.3712487340000052, "sim": 0.05888530400000036, "diff": {"time": 0.019873162000010325, "vars": [], "numCompared": 18}, "phase": 7, "exectime": 6.994958706000034}