{"parsing": 2.0183366320000005, "frontend": 0.11176087200000007, "backend": 0.37758591699999994, "simcode": 0.035648562999999994, "templates": 0.09118786100000001, "build": 3.3481802809999976, "sim": 0.05135498700002472, "diff": {"time": 0.009699425000007977, "vars": [], "numCompared": 10}, "phase": 7, "exectime": 6.882316257000014}