{"parsing": 2.024718914999994, "frontend": 0.10855826700000004, "backend": 0.3729057819999999, "simcode": 0.03644327499999998, "templates": 0.08988816300000001, "build": 3.355753848000006, "sim": 0.05134778799998685, "diff": {"time": 0.012661911999998665, "vars": [], "numCompared": 10}, "phase": 7, "exectime": 6.925623141000017}