{"parsing": 2.0970212779999997, "frontend": 0.1079691550000001, "backend": 0.3267391999999999, "simcode": 0.02698982200000001, "templates": 0.072580881, "build": 3.0180569909999804, "sim": 0.04431975199997851, "diff": {"time": 0.010404226999980892, "vars": [], "numCompared": 8}, "phase": 7, "exectime": 6.581585539000002}