{"parsing": 2.0092206119999787, "frontend": 0.1497031929999999, "backend": 0.903922568, "simcode": 0.103447134, "templates": 0.41001523, "build": 5.104872940000007, "sim": 0.8724586850000264, "diff": {"time": 0.017647171999954026, "vars": [], "numCompared": 24}, "phase": 7, "exectime": 10.419414926000002}