{"parsing": 2.036036170999978, "frontend": 0.10795382000000003, "backend": 0.36547083, "simcode": 0.03620030199999999, "templates": 0.093735012, "build": 3.4818392939999967, "sim": 0.05205271899995978, "diff": {"time": 0.012314908999996987, "vars": [], "numCompared": 11}, "phase": 7, "exectime": 7.036481504999983}