{"parsing": 1.9946532860000161, "frontend": 0.0938139050000001, "backend": 0.05342566199999998, "simcode": 0.01613595699999993, "templates": 0.046099086, "build": 2.5413537040000165, "sim": 0.036694222999983594, "diff": {"time": 0.009230989999991834, "vars": [], "numCompared": 6}, "phase": 7, "exectime": 5.623221392000005}