{"parsing": 2.0226447880000364, "frontend": 0.10803158500000004, "backend": 0.369303118, "simcode": 0.033862932, "templates": 0.088314668, "build": 3.3717990920000034, "sim": 0.06258760499997607, "diff": {"time": 0.008503067999981795, "vars": [], "numCompared": 10}, "phase": 7, "exectime": 6.893341286000009}