{"parsing": 1.9983446549999826, "frontend": 0.08915044699999998, "backend": 0.02159337700000001, "simcode": 0.007602560000000001, "templates": 0.031855108, "build": 2.2401842669999894, "sim": 0.02662263900000994, "diff": {"time": 0.005564485000007835, "vars": [], "numCompared": 2}, "phase": 7, "exectime": 5.239335401000005}