{"parsing": 2.0255712100000096, "frontend": 0.11038252000000004, "backend": 0.34887822199999996, "simcode": 0.031511215999999995, "templates": 0.08611360200000001, "build": 3.255913233000001, "sim": 0.04826657199998863, "diff": {"time": 0.007729922000009992, "vars": [], "numCompared": 8}, "phase": 7, "exectime": 6.754478388999985}