{"parsing": 2.0086303899999507, "frontend": 0.10787843899999994, "backend": 0.39034599799999997, "simcode": 0.034910748000000005, "templates": 0.109543602, "build": 3.3284003200000143, "sim": 0.2703882220000082, "diff": {"time": 0.010924277000015081, "vars": [], "numCompared": 12}, "phase": 7, "exectime": 7.1337929540000005}