{"parsing": 2.0921148959999982, "frontend": 0.10223132499999998, "backend": 0.08449103600000002, "simcode": 0.22697157699999998, "templates": 0.08283829300000001, "build": 2.856591868999999, "sim": 0.03801868300001843, "diff": {"time": 0.007276267000008829, "vars": [], "numCompared": 6}, "phase": 7, "exectime": 6.328351843000007}