{"parsing": 2.020927753999956, "frontend": 0.10219919600000005, "backend": 0.343539013, "simcode": 0.031121809, "templates": 0.080002608, "build": 3.204332435000026, "sim": 0.05010682799996857, "diff": {"time": 0.01059592500001827, "vars": [], "numCompared": 14}, "phase": 7, "exectime": 6.678847366000014}