{"parsing": 2.00667428700001, "frontend": 0.11398805499999992, "backend": 0.368367581, "simcode": 0.03522912099999999, "templates": 0.08773588800000001, "build": 3.3749585070000307, "sim": 0.05127063300000145, "diff": {"time": 0.009844680000014705, "vars": [], "numCompared": 10}, "phase": 7, "exectime": 6.913205715000004}