{"parsing": 2.0059366570000066, "frontend": 0.109412691, "backend": 0.33356885599999997, "simcode": 0.028806390999999987, "templates": 0.07437937500000001, "build": 3.2129705739999963, "sim": 0.0481245489999651, "diff": {"time": 0.009425464000003103, "vars": [], "numCompared": 10}, "phase": 7, "exectime": 6.661491893999994}