{"parsing": 2.0267805889999977, "frontend": 0.09968881299999999, "backend": 0.08401129100000004, "simcode": 0.22452985499999997, "templates": 0.06424281800000001, "build": 2.7947704480000084, "sim": 0.037369902999984106, "diff": {"time": 0.00790529900001502, "vars": [], "numCompared": 8}, "phase": 7, "exectime": 6.187311010999991}