{"parsing": 2.0119675109999946, "frontend": 0.09432358199999999, "backend": 0.058087377, "simcode": 0.013581331999999988, "templates": 0.04394095100000001, "build": 2.4965680960000043, "sim": 0.0694013259999906, "diff": {"time": 0.006256223999997701, "vars": [], "numCompared": 5}, "phase": 7, "exectime": 5.6356621139999845}