{"parsing": 2.0317928420000158, "frontend": 0.10641660200000003, "backend": 0.368266325, "simcode": 0.030388362000000002, "templates": 0.080958767, "build": 3.2332620979999547, "sim": 0.19042798399999583, "diff": {"time": 0.008784306999984892, "vars": [], "numCompared": 10}, "phase": 7, "exectime": 6.892358446999992}