{"parsing": 2.0436036790000003, "frontend": 0.092381084, "backend": 0.054673499, "simcode": 0.012197350999999988, "templates": 0.05378955000000001, "build": 2.475352667999971, "sim": 0.03939051100002189, "diff": {"time": 0.006130369000004521, "vars": [], "numCompared": 4}, "phase": 7, "exectime": 5.614050000999953}