{"parsing": 2.0567834159999734, "frontend": 0.11020936699999995, "backend": 0.389699904, "simcode": 0.035802528999999986, "templates": 0.09128649200000001, "build": 3.4088715590000334, "sim": 0.05036059600001863, "diff": {"time": 0.011948523999990357, "vars": [], "numCompared": 10}, "phase": 7, "exectime": 7.029815174999953}