{"parsing": 2.0101376729999743, "frontend": 0.119473096, "backend": 0.44807562799999995, "simcode": 0.05061761400000003, "templates": 0.327549679, "build": 3.5737401309999655, "sim": 0.2587423720000288, "diff": {"time": 0.011367019000033451, "vars": [], "numCompared": 14}, "phase": 7, "exectime": 7.634880704000011}