{"parsing": 2.050972710999986, "frontend": 0.120736332, "backend": 0.36010375, "simcode": 0.035701501999999996, "templates": 0.088996165, "build": 3.352601644999993, "sim": 0.051131184000041685, "diff": {"time": 0.009929753999983859, "vars": [], "numCompared": 10}, "phase": 7, "exectime": 6.938580889000036}