{"parsing": 2.02960790100002, "frontend": 0.1152351909999999, "backend": 0.41252567900000003, "simcode": 0.055404622000000014, "templates": 0.338397102, "build": 3.820663306999961, "sim": 0.062117274000002, "diff": {"time": 0.011307291000036912, "vars": [], "numCompared": 13}, "phase": 7, "exectime": 7.722371151999994}