{"parsing": 2.007825534999995, "frontend": 0.11132103100000001, "backend": 0.362362242, "simcode": 0.03653909400000001, "templates": 0.1145094, "build": 3.4757423780000067, "sim": 0.05239089999997759, "diff": {"time": 0.018221984000007296, "vars": [], "numCompared": 16}, "phase": 7, "exectime": 7.031411799000011}