{"parsing": 2.0119478409999942, "frontend": 0.12094654400000004, "backend": 0.47168497100000006, "simcode": 0.06305758799999994, "templates": 0.334909009, "build": 4.116874976999952, "sim": 0.194003763000012, "diff": {"time": 0.010004568999988805, "vars": [], "numCompared": 12}, "phase": 7, "exectime": 8.222395952}