{"parsing": 2.018507876000001, "frontend": 0.10357907899999996, "backend": 0.3560637150000001, "simcode": 0.030108217999999992, "templates": 0.074225018, "build": 3.07154753399999, "sim": 0.0637737459999812, "diff": {"time": 0.01071984700001849, "vars": [], "numCompared": 14}, "phase": 7, "exectime": 6.594448919999991}