{"parsing": 2.017015982000032, "frontend": 0.1245356760000001, "backend": 0.08894138699999987, "simcode": 0.22599397200000002, "templates": 0.069389542, "build": 2.88186297499999, "sim": 0.03955818399998634, "diff": {"time": 0.008471423999992567, "vars": [], "numCompared": 9}, "phase": 7, "exectime": 6.316248214000041}