{"parsing": 2.0259097130000043, "frontend": 0.11165985199999995, "backend": 0.5972256380000001, "simcode": 0.04950947800000001, "templates": 0.109625772, "build": 3.6510381610000024, "sim": 0.3561003380000045, "diff": {"time": 0.0128375769999991, "vars": [], "numCompared": 13}, "phase": 7, "exectime": 7.750309338000022}