{"parsing": 2.0045384720000357, "frontend": 0.09239034999999991, "backend": 0.050052909999999985, "simcode": 0.011742603000000011, "templates": 0.041557465, "build": 2.5317048489999934, "sim": 0.03854442400000835, "diff": {"time": 0.006293723999988288, "vars": [], "numCompared": 4}, "phase": 7, "exectime": 5.633485854000014}