{"parsing": 2.020925223000006, "frontend": 0.101034754, "backend": 0.338067344, "simcode": 0.022063302999999992, "templates": 0.08331748700000001, "build": 2.8902470259999973, "sim": 0.1795930429999828, "diff": {"time": 0.011787517000016123, "vars": [], "numCompared": 9}, "phase": 7, "exectime": 6.499515512000016}