{"parsing": 2.010488501000026, "frontend": 0.10129950800000004, "backend": 0.346864245, "simcode": 0.028727493999999992, "templates": 0.075239419, "build": 3.2340322210000068, "sim": 0.04894048099998827, "diff": {"time": 0.007905445999995209, "vars": [], "numCompared": 7}, "phase": 7, "exectime": 6.696245801000003}