{"parsing": 2.0556711119999704, "frontend": 0.11079234199999999, "backend": 0.3718946550000001, "simcode": 0.037233986999999996, "templates": 0.094276198, "build": 3.407352070999991, "sim": 0.05182861100001901, "diff": {"time": 0.01784470699999474, "vars": [], "numCompared": 16}, "phase": 7, "exectime": 6.948384380999983}