{"parsing": 1.9843583269999954, "frontend": 0.09618934099999998, "backend": 0.08429816400000001, "simcode": 0.212535957, "templates": 0.061498952, "build": 2.7799787239999887, "sim": 0.03726178900001287, "diff": {"time": 0.008055775999991965, "vars": [], "numCompared": 9}, "phase": 7, "exectime": 6.057309040000007}