{"parsing": 1.994416287999968, "frontend": 0.09510124999999997, "backend": 0.08008482700000003, "simcode": 0.218104313, "templates": 0.061524182, "build": 2.6968404159999864, "sim": 0.0363617069999691, "diff": {"time": 0.00980946300001051, "vars": [], "numCompared": 6}, "phase": 7, "exectime": 5.98548925099999}