{"parsing": 2.0399744499999883, "frontend": 0.093266677, "backend": 0.057375515, "simcode": 0.01449623199999999, "templates": 0.04768341800000001, "build": 2.4265392759999713, "sim": 0.0671626240000478, "diff": {"time": 0.007743673999982548, "vars": [], "numCompared": 5}, "phase": 7, "exectime": 5.564219820999995}