{"parsing": 2.0381723259999944, "frontend": 0.10422480499999998, "backend": 0.369543938, "simcode": 0.028084942, "templates": 0.073200161, "build": 3.117782233000014, "sim": 0.18039724599998408, "diff": {"time": 0.013074923000033323, "vars": [], "numCompared": 12}, "phase": 7, "exectime": 6.781149336999988}