{"parsing": 2.080906567999989, "frontend": 0.11329873800000001, "backend": 0.40105476399999995, "simcode": 0.04309535399999999, "templates": 0.092616133, "build": 3.3647550109999997, "sim": 0.07602081400000316, "diff": {"time": 0.020428593000019646, "vars": [], "numCompared": 18}, "phase": 7, "exectime": 7.064146512000036}