{"parsing": 2.060090492000029, "frontend": 0.16418495700000002, "backend": 0.388262982, "simcode": 0.03494865400000005, "templates": 0.09280641599999995, "build": 3.293536675000041, "sim": 0.061847622000016145, "diff": {"time": 0.013133638999988761, "vars": [], "numCompared": 10}, "phase": 7, "exectime": 6.9517760790000125}