{"parsing": 1.9938886190000176, "frontend": 0.1491304280000001, "backend": 0.8576161579999999, "simcode": 0.09536467099999996, "templates": 0.391604965, "build": 4.943574484999999, "sim": 0.8482832680000456, "diff": {"time": 0.034390024000003905, "vars": ["T3.fire", "T2.fire", "P6.t", "P4.t"], "numCompared": 24}, "phase": 6, "exectime": 10.132098372999963}