{"parsing": 1.9741647150000006, "frontend": 0.09745061100000002, "backend": 0.33336348299999996, "simcode": 0.021704990999999993, "templates": 0.08143214500000001, "build": 2.7708438669999964, "sim": 0.18912414100000774, "diff": {"time": 0.0076454219999959605, "vars": [], "numCompared": 9}, "phase": 7, "exectime": 6.275891636000011}