{"parsing": 1.9879257860000052, "frontend": 0.096568386, "backend": 0.07961200299999999, "simcode": 0.214800367, "templates": 0.05807153900000001, "build": 2.7033468139999854, "sim": 0.037529277000032835, "diff": {"time": 0.009446655000033388, "vars": [], "numCompared": 6}, "phase": 7, "exectime": 5.979127014000028}