{"parsing": 2.0374805210000204, "frontend": 0.117140719, "backend": 0.39949667099999986, "simcode": 0.036518543000000014, "templates": 0.101625889, "build": 3.501888436999991, "sim": 0.1728351689999954, "diff": {"time": 0.009853861999999936, "vars": [], "numCompared": 12}, "phase": 7, "exectime": 7.296905344999971}