{"parsing": 2.0406349659999705, "frontend": 0.11402067299999996, "backend": 0.3955076170000001, "simcode": 0.04607164, "templates": 0.126597718, "build": 3.542678185999989, "sim": 0.06837714300002062, "diff": {"time": 0.009345807999977751, "vars": [], "numCompared": 10}, "phase": 7, "exectime": 7.24581927600002}