{"parsing": 1.9674899930000151, "frontend": 0.085223458, "backend": 0.04883621300000001, "simcode": 0.011500396999999996, "templates": 0.038785986, "build": 2.358035588000007, "sim": 0.03646591000000399, "diff": {"time": 0.007644561999995858, "vars": [], "numCompared": 4}, "phase": 7, "exectime": 5.358749341000021}