{"parsing": 2.0084277469999847, "frontend": 0.113840842, "backend": 0.358729317, "simcode": 0.03484855099999999, "templates": 0.08919843000000001, "build": 3.3899938150000253, "sim": 0.05195440399995732, "diff": {"time": 0.013063036999994893, "vars": [], "numCompared": 10}, "phase": 7, "exectime": 6.8996705710000015}