{"parsing": 2.061597144000018, "frontend": 0.1081923589999999, "backend": 0.37445877000000005, "simcode": 0.030018146000000107, "templates": 0.08099232799999989, "build": 3.230910648999952, "sim": 0.18857218299996248, "diff": {"time": 0.009105588000011267, "vars": [], "numCompared": 10}, "phase": 7, "exectime": 6.941992049000021}