{"parsing": 1.9939986390000115, "frontend": 0.08766578900000001, "backend": 0.047932707999999984, "simcode": 0.012316277, "templates": 0.04283759600000001, "build": 2.4068991869999934, "sim": 0.03026416000000154, "diff": {"time": 0.005707352999991144, "vars": [], "numCompared": 4}, "phase": 7, "exectime": 5.412265517999998}