{"parsing": 2.0280973769999946, "frontend": 0.10701468400000008, "backend": 0.36759561500000004, "simcode": 0.041219881999999985, "templates": 0.088979155, "build": 3.267538022999986, "sim": 0.05719810599998709, "diff": {"time": 0.028223908999962077, "vars": [], "numCompared": 18}, "phase": 7, "exectime": 6.839202089999958}