{"parsing": 1.9839605640000286, "frontend": 0.10304645700000004, "backend": 0.35634437100000005, "simcode": 0.030368061999999987, "templates": 0.09356813300000001, "build": 3.0800408289999837, "sim": 0.18508335799998576, "diff": {"time": 0.012235288999988825, "vars": [], "numCompared": 10}, "phase": 7, "exectime": 6.643331925000041}