{"parsing": 2.0440293830000087, "frontend": 0.10850125399999999, "backend": 0.344892596, "simcode": 0.03157076, "templates": 0.084782992, "build": 3.138195378000006, "sim": 0.051512343999974064, "diff": {"time": 0.007236325999997462, "vars": [], "numCompared": 7}, "phase": 7, "exectime": 6.702812236}