{"parsing": 2.092855568999994, "frontend": 0.10614904900000005, "backend": 0.354726936, "simcode": 0.03445917899999999, "templates": 0.08619001300000001, "build": 3.360008719999996, "sim": 0.04978661499995951, "diff": {"time": 0.008901127999990877, "vars": [], "numCompared": 10}, "phase": 7, "exectime": 6.929028113000015}