{"parsing": 2.0137366220000104, "frontend": 0.10672265699999994, "backend": 0.379685654, "simcode": 0.03189571799999999, "templates": 0.088015748, "build": 3.2787564689999726, "sim": 0.1673526590000165, "diff": {"time": 0.009535824000010962, "vars": [], "numCompared": 12}, "phase": 7, "exectime": 6.856197922000035}