{"parsing": 1.9853319139999712, "frontend": 0.10664552700000007, "backend": 0.389682362, "simcode": 0.03496448199999998, "templates": 0.09065286900000001, "build": 3.355645215999971, "sim": 0.051185234000001856, "diff": {"time": 0.012142491000020073, "vars": [], "numCompared": 10}, "phase": 7, "exectime": 6.865356442999996}