{"parsing": 1.993958202999977, "frontend": 0.11924176600000003, "backend": 0.447798421, "simcode": 0.06605317700000002, "templates": 0.336463313, "build": 4.180170827999973, "sim": 0.06852710699996578, "diff": {"time": 0.018732955000018592, "vars": [], "numCompared": 16}, "phase": 7, "exectime": 8.064160849000018}