{"parsing": 2.0081421710000313, "frontend": 0.11180509299999997, "backend": 0.417262848, "simcode": 0.043748258999999984, "templates": 0.09913703800000001, "build": 3.503321835999998, "sim": 0.3267429600000469, "diff": {"time": 0.011360455999977148, "vars": [], "numCompared": 13}, "phase": 7, "exectime": 7.359360686999992}