{"parsing": 2.0625232779999862, "frontend": 0.094969871, "backend": 0.04334299400000001, "simcode": 0.012023883999999985, "templates": 0.04152794100000001, "build": 2.391506410000005, "sim": 0.03099400199999991, "diff": {"time": 0.005924066999995148, "vars": [], "numCompared": 4}, "phase": 7, "exectime": 5.538546956000005}