{"parsing": 2.0536275270000033, "frontend": 0.16222799500000007, "backend": 1.221419538, "simcode": 0.12672319000000004, "templates": 0.445505012, "build": 6.0307723650000185, "sim": 0.22794117099999767, "diff": {"time": 0.023053279000009752, "vars": [], "numCompared": 27}, "phase": 7, "exectime": 11.10355711599999}