{"parsing": 2.0205553259999647, "frontend": 0.096919039, "backend": 0.04906714399999999, "simcode": 0.012738686000000006, "templates": 0.053132428, "build": 2.480204761999971, "sim": 0.03169805699997141, "diff": {"time": 0.008603211999968607, "vars": [], "numCompared": 4}, "phase": 7, "exectime": 5.6077889119999895}