{"parsing": 2.0396387729999788, "frontend": 0.10313375400000002, "backend": 0.08172226699999996, "simcode": 0.226199906, "templates": 0.074887085, "build": 2.8489008079999962, "sim": 0.03721384200002831, "diff": {"time": 0.007095751999997901, "vars": [], "numCompared": 8}, "phase": 7, "exectime": 6.227774870000019}