{"parsing": 1.966036766000002, "frontend": 0.10400510300000004, "backend": 0.3749383259999999, "simcode": 0.031991887, "templates": 0.087309786, "build": 3.2578610700000468, "sim": 0.16850679700002047, "diff": {"time": 0.009490028000016082, "vars": [], "numCompared": 12}, "phase": 7, "exectime": 6.7944060269999795}