{"parsing": 1.9795654649999506, "frontend": 0.11000677399999992, "backend": 0.385779967, "simcode": 0.032167906999999996, "templates": 0.089397379, "build": 3.3434678419999955, "sim": 0.16632170299999416, "diff": {"time": 0.00950806499997725, "vars": [], "numCompared": 12}, "phase": 7, "exectime": 6.911587040999962}