{"parsing": 2.0517642160000378, "frontend": 0.11611222799999998, "backend": 0.3829367360000001, "simcode": 0.03358016899999994, "templates": 0.09690729799999998, "build": 3.326743724000039, "sim": 0.17069761400000516, "diff": {"time": 0.009415917999945123, "vars": [], "numCompared": 12}, "phase": 7, "exectime": 6.995227162999981}