{"parsing": 1.9976838459999726, "frontend": 0.10515971100000016, "backend": 0.32762045899999986, "simcode": 0.027380075000000004, "templates": 0.07179401, "build": 3.1362759219999816, "sim": 0.04701801099997738, "diff": {"time": 0.009406124999998156, "vars": [], "numCompared": 10}, "phase": 7, "exectime": 6.540015624999967}