{"parsing": 2.0229667269999823, "frontend": 0.09600222899999998, "backend": 0.04150133800000001, "simcode": 0.01197438, "templates": 0.04252598, "build": 2.497039204000032, "sim": 0.030057208000016544, "diff": {"time": 0.0061894109999798275, "vars": [], "numCompared": 4}, "phase": 7, "exectime": 5.614500102000022}