{"parsing": 2.0149034750000396, "frontend": 0.09488352200000011, "backend": 0.06777996499999989, "simcode": 0.016708924000000014, "templates": 0.252964478, "build": 2.6448688660000244, "sim": 0.0339391159999991, "diff": {"time": 0.007862271000021792, "vars": [], "numCompared": 5}, "phase": 7, "exectime": 5.946115828000018}