{"parsing": 2.0038784820000046, "frontend": 0.09853668599999998, "backend": 0.35013864899999997, "simcode": 0.029230702999999997, "templates": 0.078637788, "build": 3.2212593069999684, "sim": 0.10955154499998798, "diff": {"time": 0.010170313999992686, "vars": [], "numCompared": 7}, "phase": 7, "exectime": 6.709520322000003}