{"parsing": 2.0335339620000354, "frontend": 0.11670923600000005, "backend": 0.422406026, "simcode": 0.0475290980000001, "templates": 0.1078101779999999, "build": 3.656611983000005, "sim": 0.07793491299997868, "diff": {"time": 0.005676965000020573, "vars": [], "numCompared": 11}, "phase": 7, "exectime": 7.306908316000033}