{"parsing": 1.990654859000017, "frontend": 0.09877921, "backend": 0.08340158000000003, "simcode": 0.2118507039999999, "templates": 0.05956497999999999, "build": 2.7659794319999946, "sim": 0.03752925999998524, "diff": {"time": 0.008736629999987144, "vars": [], "numCompared": 9}, "phase": 7, "exectime": 6.063665729000036}