{"parsing": 2.00804879399999, "frontend": 0.10340683799999995, "backend": 0.348336623, "simcode": 0.034477218000000004, "templates": 0.103373945, "build": 3.3006259219999947, "sim": 0.04858588000001873, "diff": {"time": 0.01277434399997901, "vars": [], "numCompared": 10}, "phase": 7, "exectime": 6.779125251000039}