{"parsing": 2.159030004999977, "frontend": 0.08970196700000005, "backend": 0.04226719499999998, "simcode": 0.01221949700000003, "templates": 0.03994383599999995, "build": 2.376692862000027, "sim": 0.02969074800000726, "diff": {"time": 0.005754003000049579, "vars": [], "numCompared": 4}, "phase": 7, "exectime": 5.56540744199998}