{"parsing": 2.002659854000001, "frontend": 0.10307128300000001, "backend": 0.348034816, "simcode": 0.029031860999999992, "templates": 0.07949176300000001, "build": 3.1866913819999922, "sim": 0.04581058899998425, "diff": {"time": 0.010798264000015934, "vars": [], "numCompared": 8}, "phase": 7, "exectime": 6.601103014999978}