{"parsing": 2.008579811000004, "frontend": 0.15398768899999982, "backend": 0.8733643050000001, "simcode": 0.09077359400000001, "templates": 0.398339524, "build": 5.064663911999958, "sim": 0.9656335920000174, "diff": {"time": 0.021152382000025227, "vars": [], "numCompared": 24}, "phase": 7, "exectime": 10.427348196999958}