{"parsing": 2.052945364999971, "frontend": 0.1141220730000001, "backend": 0.385010678, "simcode": 0.03679311599999999, "templates": 0.107851375, "build": 3.422700547999966, "sim": 0.06269097599999895, "diff": {"time": 0.00947802299998557, "vars": [], "numCompared": 10}, "phase": 7, "exectime": 7.061457313000005}