{"parsing": 1.9928196399999933, "frontend": 0.10677674200000004, "backend": 0.35661191299999995, "simcode": 0.03440990299999999, "templates": 0.08760005300000001, "build": 3.235608157999991, "sim": 0.048145237000028374, "diff": {"time": 0.011316187999966587, "vars": [], "numCompared": 10}, "phase": 7, "exectime": 6.67577532599995}