{"parsing": 2.056559386999993, "frontend": 0.10681415999999988, "backend": 0.3249760200000001, "simcode": 0.026480420000000005, "templates": 0.068432853, "build": 3.1050030119999974, "sim": 0.0441445280000039, "diff": {"time": 0.011387032000016006, "vars": [], "numCompared": 8}, "phase": 7, "exectime": 6.58413195899999}