{"parsing": 1.9944157180000275, "frontend": 0.10535527899999997, "backend": 0.3632112380000001, "simcode": 0.04066213299999999, "templates": 0.0899692769999999, "build": 3.2298078709999913, "sim": 0.0571262880000063, "diff": {"time": 0.019228947000044627, "vars": [], "numCompared": 18}, "phase": 7, "exectime": 6.702865974000019}