{"parsing": 2.0113440490000016, "frontend": 0.10548477000000006, "backend": 0.332110299, "simcode": 0.027273222000000014, "templates": 0.072320838, "build": 3.100698953999995, "sim": 0.04714116200000262, "diff": {"time": 0.009518918000026133, "vars": [], "numCompared": 10}, "phase": 7, "exectime": 6.507035679000012}