{"parsing": 1.998949590000052, "frontend": 0.10585058200000003, "backend": 0.36271057100000004, "simcode": 0.042247126999999995, "templates": 0.089671625, "build": 3.2911748959999727, "sim": 0.05690902100002404, "diff": {"time": 0.019303815000000668, "vars": [], "numCompared": 18}, "phase": 7, "exectime": 6.790005298999972}