{"parsing": 2.020964040000024, "frontend": 0.09925815299999996, "backend": 0.342205392, "simcode": 0.029447666999999997, "templates": 0.07894910000000001, "build": 2.9730142569999884, "sim": 0.0622970010000472, "diff": {"time": 0.015101907000030224, "vars": [], "numCompared": 14}, "phase": 7, "exectime": 6.440773076000028}