{"parsing": 2.005403317999992, "frontend": 0.09051048, "backend": 0.04367486400000001, "simcode": 0.012147229999999988, "templates": 0.04065559000000001, "build": 2.3581803579999985, "sim": 0.0309997760000158, "diff": {"time": 0.006005186999999523, "vars": [], "numCompared": 4}, "phase": 7, "exectime": 5.376804391999997}