{"parsing": 2.0237900209999964, "frontend": 0.09452385, "backend": 0.022909773, "simcode": 0.007945684000000001, "templates": 0.03673764, "build": 2.2698303340000052, "sim": 0.026899358000008533, "diff": {"time": 0.006274514000011777, "vars": [], "numCompared": 2}, "phase": 7, "exectime": 5.360354252000008}