{"parsing": 2.0390366330000234, "frontend": 0.11001057999999997, "backend": 0.355303433, "simcode": 0.031907757999999994, "templates": 0.087286839, "build": 3.2235957610000128, "sim": 0.047942911000006916, "diff": {"time": 0.008332241999994494, "vars": [], "numCompared": 8}, "phase": 7, "exectime": 6.7448711699999535}