{"parsing": 1.9820885369999814, "frontend": 0.10622147200000015, "backend": 0.3550847649999999, "simcode": 0.033014522000000004, "templates": 0.08964165099999999, "build": 3.200742907999995, "sim": 0.04850505100000646, "diff": {"time": 0.009122761000014634, "vars": [], "numCompared": 10}, "phase": 7, "exectime": 6.661322086999974}