{"parsing": 1.9895797169999696, "frontend": 0.1002952310000001, "backend": 0.3255335339999999, "simcode": 0.026869824, "templates": 0.070825262, "build": 3.3044595009999966, "sim": 0.047399143000006916, "diff": {"time": 0.008943412999997236, "vars": [], "numCompared": 10}, "phase": 7, "exectime": 6.660741502000008}