{"parsing": 2.0507338670000195, "frontend": 0.12180134499999995, "backend": 0.40493993100000003, "simcode": 0.0369508790000001, "templates": 0.1287230619999999, "build": 3.5069291010000256, "sim": 0.17381501799997068, "diff": {"time": 0.00984420599996838, "vars": [], "numCompared": 12}, "phase": 7, "exectime": 7.290026662999992}