{"parsing": 2.0116749399999776, "frontend": 0.10980176800000008, "backend": 0.6003554259999999, "simcode": 0.046221991000000004, "templates": 0.106742937, "build": 3.554081577000005, "sim": 0.32076808200000073, "diff": {"time": 0.009723857000011549, "vars": [], "numCompared": 13}, "phase": 7, "exectime": 7.571688139999992}