{"parsing": 2.007361334000052, "frontend": 0.107280451, "backend": 0.356507087, "simcode": 0.03579552999999999, "templates": 0.103338558, "build": 3.238389867999956, "sim": 0.05007741800000076, "diff": {"time": 0.00889219100002947, "vars": [], "numCompared": 10}, "phase": 7, "exectime": 6.739588665000042}