{"parsing": 1.9853553979999674, "frontend": 0.10598593500000003, "backend": 0.355144444, "simcode": 0.03438523199999999, "templates": 0.08538472000000001, "build": 3.3266908280000393, "sim": 0.049287183999979334, "diff": {"time": 0.009409131999973397, "vars": [], "numCompared": 10}, "phase": 7, "exectime": 6.783012893999967}