{"parsing": 2.023622350999972, "frontend": 0.10699246300000004, "backend": 0.36656671799999996, "simcode": 0.03526465499999999, "templates": 0.09124821200000001, "build": 3.3631690200000435, "sim": 0.051367359999971995, "diff": {"time": 0.009338219000028403, "vars": [], "numCompared": 10}, "phase": 7, "exectime": 6.898328972999991}