{"parsing": 2.0306174020000185, "frontend": 0.1072807300000001, "backend": 0.33982859499999996, "simcode": 0.029983251999999988, "templates": 0.08360305000000001, "build": 3.1253844189999995, "sim": 0.04750085500000978, "diff": {"time": 0.012879502000032517, "vars": [], "numCompared": 10}, "phase": 7, "exectime": 6.605947708000031}