{"parsing": 2.0213906519999796, "frontend": 0.13303512399999995, "backend": 0.3656039580000001, "simcode": 0.03519009999999999, "templates": 0.095141084, "build": 3.3374270999999567, "sim": 0.05154886100001477, "diff": {"time": 0.009814474999984668, "vars": [], "numCompared": 10}, "phase": 7, "exectime": 6.885448021999991}