{"parsing": 2.0139908149999997, "frontend": 0.10446850600000002, "backend": 0.5910453569999999, "simcode": 0.04736209499999999, "templates": 0.119985267, "build": 3.512760883999988, "sim": 0.33702493600000594, "diff": {"time": 0.009701136000018096, "vars": [], "numCompared": 13}, "phase": 7, "exectime": 7.596865892000011}