{"parsing": 1.991691954000089, "frontend": 0.10641779200000001, "backend": 0.36668944000000003, "simcode": 0.03607603299999999, "templates": 0.08532234100000001, "build": 3.2758064299999887, "sim": 0.060868014999982734, "diff": {"time": 0.009470735000036257, "vars": [], "numCompared": 10}, "phase": 7, "exectime": 6.751481108000007}