{"parsing": 2.035517069999969, "frontend": 0.11657048700000017, "backend": 0.3975033859999999, "simcode": 0.04009949800000001, "templates": 0.09971250399999998, "build": 3.5609597710000003, "sim": 0.0687355059999959, "diff": {"time": 0.00981601899997031, "vars": [], "numCompared": 10}, "phase": 7, "exectime": 7.219755637999981}