{"parsing": 2.0051783430000114, "frontend": 0.10554964199999989, "backend": 0.35692896, "simcode": 0.03410374299999999, "templates": 0.08819241700000001, "build": 3.2555280519999883, "sim": 0.04837426599999617, "diff": {"time": 0.009332870000037019, "vars": [], "numCompared": 10}, "phase": 7, "exectime": 6.710886111000036}