{"parsing": 1.9916348049999897, "frontend": 0.10270222500000004, "backend": 0.4068965379999999, "simcode": 0.045902767, "templates": 0.111855569, "build": 3.4103399090000153, "sim": 0.3248583069999995, "diff": {"time": 0.010765977000005478, "vars": [], "numCompared": 13}, "phase": 7, "exectime": 7.204783717999987}