{"parsing": 1.9744716129999915, "frontend": 0.09528482600000004, "backend": 0.08128482999999997, "simcode": 0.22110460899999998, "templates": 0.05915620000000001, "build": 2.701081402000028, "sim": 0.036597903000028964, "diff": {"time": 0.007810623000011674, "vars": [], "numCompared": 8}, "phase": 7, "exectime": 5.980844964999989}