{"parsing": 1.9875659389999782, "frontend": 0.10668858300000006, "backend": 0.36330901799999993, "simcode": 0.035241733, "templates": 0.105108969, "build": 3.3214015009999684, "sim": 0.05101708300003338, "diff": {"time": 0.009562437999989015, "vars": [], "numCompared": 10}, "phase": 7, "exectime": 6.796986113999992}