{"parsing": 1.9880969000000164, "frontend": 0.10685005699999994, "backend": 0.36004161500000004, "simcode": 0.035259887000000004, "templates": 0.109995084, "build": 3.3630970839999748, "sim": 0.050587973999995484, "diff": {"time": 0.017416751000013164, "vars": [], "numCompared": 16}, "phase": 7, "exectime": 6.863444737000009}