{"parsing": 2.037577021000004, "frontend": 0.114155966, "backend": 0.4222782789999999, "simcode": 0.044571795, "templates": 0.103819928, "build": 3.5147135299999945, "sim": 0.32423942000002626, "diff": {"time": 0.01110149599998067, "vars": [], "numCompared": 13}, "phase": 7, "exectime": 7.432068869999966}