{"parsing": 2.0521138130000054, "frontend": 0.14214802900000012, "backend": 0.8164431919999999, "simcode": 0.06948360199999998, "templates": 0.380204851, "build": 4.728713512000013, "sim": 0.3096063130000175, "diff": {"time": 0.02406884300000911, "vars": [], "numCompared": 21}, "phase": 7, "exectime": 9.348228753}