{"parsing": 2.0598909550000144, "frontend": 0.09012297400000001, "backend": 0.053818063, "simcode": 0.012561615999999998, "templates": 0.041596432, "build": 2.431204717000014, "sim": 0.03781188400000701, "diff": {"time": 0.007901547000017217, "vars": [], "numCompared": 4}, "phase": 7, "exectime": 5.601378209000018}