{"parsing": 2.056001833000039, "frontend": 0.1143693460000001, "backend": 0.3753133929999999, "simcode": 0.03378139499999999, "templates": 0.08664556200000001, "build": 3.264751810000007, "sim": 0.04886512599995285, "diff": {"time": 0.009750157999974363, "vars": [], "numCompared": 10}, "phase": 7, "exectime": 6.801431357000013}