{"parsing": 2.0701956350000046, "frontend": 0.09697543399999989, "backend": 0.051456372, "simcode": 0.012841176000000003, "templates": 0.050770774, "build": 2.4147633360000214, "sim": 0.23714324499999861, "diff": {"time": 0.006483815000024151, "vars": [], "numCompared": 5}, "phase": 7, "exectime": 5.810918305000001}