{"parsing": 2.0088798639999936, "frontend": 0.10379640900000003, "backend": 0.358239349, "simcode": 0.026733586000000004, "templates": 0.068962831, "build": 3.060817252999982, "sim": 0.18388909200001535, "diff": {"time": 0.010325442999999268, "vars": [], "numCompared": 12}, "phase": 7, "exectime": 6.623686147000001}