{"parsing": 2.07155155800001, "frontend": 0.10912157100000003, "backend": 0.374767795, "simcode": 0.031905384999999994, "templates": 0.083077883, "build": 3.2365174410000463, "sim": 0.19453773800000818, "diff": {"time": 0.01335204800000156, "vars": [], "numCompared": 10}, "phase": 7, "exectime": 6.961384384000041}