{"parsing": 2.0080602580000004, "frontend": 0.09729794200000003, "backend": 0.338191375, "simcode": 0.02829604599999999, "templates": 0.07493792, "build": 3.1385430550000137, "sim": 0.04639652800000249, "diff": {"time": 0.007095936999974128, "vars": [], "numCompared": 7}, "phase": 7, "exectime": 6.520966993000002}