{"parsing": 2.00672020799999, "frontend": 0.11188181600000002, "backend": 0.36923763099999996, "simcode": 0.036737231999999995, "templates": 0.093792576, "build": 3.4159051350000027, "sim": 0.051549441000020124, "diff": {"time": 0.008997978000024887, "vars": [], "numCompared": 10}, "phase": 7, "exectime": 6.913529306999976}