{"parsing": 2.0206446680000454, "frontend": 0.10654958599999997, "backend": 0.3709283280000001, "simcode": 0.041310596000000005, "templates": 0.089718823, "build": 3.2610907819999966, "sim": 0.05745030200000656, "diff": {"time": 0.02235614699998223, "vars": [], "numCompared": 18}, "phase": 7, "exectime": 6.783632737000005}