{"parsing": 1.998534678999988, "frontend": 0.11412113599999996, "backend": 0.3622090590000001, "simcode": 0.03465085299999991, "templates": 0.08676768899999998, "build": 3.260648017000051, "sim": 0.048922099999970214, "diff": {"time": 0.009548790999986068, "vars": [], "numCompared": 10}, "phase": 7, "exectime": 6.723070148000033}