{"parsing": 2.0023713240000234, "frontend": 0.103025898, "backend": 0.08647734000000001, "simcode": 0.22185619699999998, "templates": 0.06466559100000001, "build": 2.883782886000006, "sim": 0.03904173699999092, "diff": {"time": 0.008869650999997702, "vars": [], "numCompared": 9}, "phase": 7, "exectime": 6.247329371999967}