{"parsing": 2.07629891900001, "frontend": 0.09641740900000001, "backend": 0.058604872, "simcode": 0.015261798, "templates": 0.054896883, "build": 2.566032543999995, "sim": 0.039475507000020116, "diff": {"time": 0.006076640999992833, "vars": [], "numCompared": 4}, "phase": 7, "exectime": 5.789910030999977}