{"parsing": 2.012523495000039, "frontend": 0.1027975499999998, "backend": 0.3351146620000001, "simcode": 0.029218658999999994, "templates": 0.07858664300000001, "build": 3.186688165000021, "sim": 0.04562388900001224, "diff": {"time": 0.007714308000004166, "vars": [], "numCompared": 8}, "phase": 7, "exectime": 6.613518185999965}