{"parsing": 1.9876203809999993, "frontend": 0.10213486499999996, "backend": 0.334305893, "simcode": 0.028620441999999996, "templates": 0.073879844, "build": 3.3231643499999564, "sim": 0.04911973299999772, "diff": {"time": 0.013745266999990235, "vars": [], "numCompared": 12}, "phase": 7, "exectime": 6.767024796000044}