{"parsing": 1.9884426589999862, "frontend": 0.113528077, "backend": 0.372619617, "simcode": 0.036002329, "templates": 0.113558772, "build": 3.3803054709999856, "sim": 0.05080850100000589, "diff": {"time": 0.009467783999980384, "vars": [], "numCompared": 10}, "phase": 7, "exectime": 6.86201223300003}