{"parsing": 2.0366116369999645, "frontend": 0.10844338100000012, "backend": 0.364489038, "simcode": 0.03585858099999999, "templates": 0.089440537, "build": 3.410086949999993, "sim": 0.05515543600000683, "diff": {"time": 0.026520534000042062, "vars": [], "numCompared": 14}, "phase": 7, "exectime": 6.949465812000028}