{"parsing": 2.036353401000042, "frontend": 0.10387081900000006, "backend": 0.382970078, "simcode": 0.03279439399999999, "templates": 0.08037625600000001, "build": 3.2038277830000084, "sim": 0.26660837000002857, "diff": {"time": 0.010761296999987735, "vars": [], "numCompared": 12}, "phase": 7, "exectime": 6.91658557400001}