{"parsing": 1.9709317950000127, "frontend": 0.10165723799999993, "backend": 0.379114367, "simcode": 0.035124092999999995, "templates": 0.091055563, "build": 3.325086887999987, "sim": 0.06518151099999159, "diff": {"time": 0.012042177000012089, "vars": [], "numCompared": 10}, "phase": 7, "exectime": 6.758171134000008}