{"parsing": 2.0034123379999755, "frontend": 0.1064899159999999, "backend": 0.382243453, "simcode": 0.035571753, "templates": 0.092065241, "build": 3.4267119229999707, "sim": 0.06485548099999505, "diff": {"time": 0.01282714000001306, "vars": [], "numCompared": 10}, "phase": 7, "exectime": 6.957060625000054}