{"parsing": 2.0519119109999906, "frontend": 0.11476318800000007, "backend": 0.41834110899999993, "simcode": 0.05908395700000002, "templates": 0.335392156, "build": 3.7335740800000394, "sim": 0.06041014400000222, "diff": {"time": 0.0112376899999731, "vars": [], "numCompared": 13}, "phase": 7, "exectime": 7.638475292999999}