{"parsing": 2.007859494999991, "frontend": 0.1030073339999999, "backend": 0.39287535900000004, "simcode": 0.029910273, "templates": 0.076423319, "build": 3.2367444829999954, "sim": 0.04902308499998753, "diff": {"time": 0.010097631999997247, "vars": [], "numCompared": 12}, "phase": 7, "exectime": 6.707831938999988}