{"parsing": 2.056136312000035, "frontend": 0.10698602199999996, "backend": 0.38177919700000007, "simcode": 0.03267988199999999, "templates": 0.088203549, "build": 3.3382726639999873, "sim": 0.168828451999957, "diff": {"time": 0.01191309800003637, "vars": [], "numCompared": 12}, "phase": 7, "exectime": 6.986790014999997}