{"parsing": 1.9856402059999994, "frontend": 0.091650482, "backend": 0.056224016999999994, "simcode": 0.013226173, "templates": 0.042340873, "build": 2.4089918150000074, "sim": 0.06658485499997369, "diff": {"time": 0.006529624999984662, "vars": [], "numCompared": 5}, "phase": 7, "exectime": 5.458378546999995}