{"parsing": 2.0405696359999865, "frontend": 0.090180812, "backend": 0.06720792600000008, "simcode": 0.016892774, "templates": 0.2600240979999999, "build": 2.5829310909999776, "sim": 0.03285486499999024, "diff": {"time": 0.005343580000044312, "vars": [], "numCompared": 5}, "phase": 7, "exectime": 5.879977249000035}