{"parsing": 2.025334249000025, "frontend": 0.10886381, "backend": 0.3684314940000001, "simcode": 0.03589708499999997, "templates": 0.09165290799999992, "build": 3.344832703999998, "sim": 0.051300957999956154, "diff": {"time": 0.013025672000026134, "vars": [], "numCompared": 10}, "phase": 7, "exectime": 6.84694940899999}