{"parsing": 1.9706837899999812, "frontend": 0.083492904, "backend": 0.007367327999999996, "simcode": 0.0041977509999999996, "templates": 0.02150091, "build": 1.9830811660000052, "sim": 0.021708799999998973, "diff": {"time": 0.005327128000004677, "vars": [], "numCompared": 4}, "phase": 7, "exectime": 4.904548712999997}