{"parsing": 2.059648138, "frontend": 0.09315628000000001, "backend": 0.016632284000000004, "simcode": 0.007135179999999998, "templates": 0.030916341, "build": 2.1881298780000122, "sim": 0.036292213000024276, "diff": {"time": 0.004308575000010251, "vars": [], "numCompared": 2}, "phase": 7, "exectime": 5.263095711000005}