{"parsing": 2.0152870449999796, "frontend": 0.10773235400000003, "backend": 0.347232954, "simcode": 0.03115744899999999, "templates": 0.082020484, "build": 3.221233235999989, "sim": 0.04758035100002189, "diff": {"time": 0.0075618630000349185, "vars": [], "numCompared": 8}, "phase": 7, "exectime": 6.66446999499999}