{"parsing": 1.9996376299999952, "frontend": 0.09943294899999999, "backend": 0.07936695999999999, "simcode": 0.21612139800000002, "templates": 0.061945197, "build": 2.7475819659999843, "sim": 0.03757809000001089, "diff": {"time": 0.007078616000001148, "vars": [], "numCompared": 6}, "phase": 7, "exectime": 6.057812271000046}