{"parsing": 1.9978022270000224, "frontend": 0.13344484899999998, "backend": 0.7908544869999999, "simcode": 0.11979094500000004, "templates": 0.406457907, "build": 4.905683290000013, "sim": 0.08881051700001308, "diff": {"time": 0.020679888000017854, "vars": [], "numCompared": 22}, "phase": 7, "exectime": 9.270615340000006}