{"parsing": 2.00219228200001, "frontend": 0.09203990900000002, "backend": 0.04281885699999999, "simcode": 0.013377366000000009, "templates": 0.052890372, "build": 2.3599868050000055, "sim": 0.02915179499998999, "diff": {"time": 0.006952267999992046, "vars": [], "numCompared": 4}, "phase": 7, "exectime": 5.4551633810000055}