{"parsing": 2.0444422959999997, "frontend": 0.09299477799999999, "backend": 0.01655645900000001, "simcode": 0.007140311999999996, "templates": 0.039628915, "build": 2.157521272999986, "sim": 0.023783740999988368, "diff": {"time": 0.004493541999977424, "vars": [], "numCompared": 2}, "phase": 7, "exectime": 5.239713645999984}