{"parsing": 1.9997597619999965, "frontend": 0.10632431600000003, "backend": 0.340354091, "simcode": 0.029185740999999987, "templates": 0.103305065, "build": 3.1514211609999734, "sim": 0.04653746800005365, "diff": {"time": 0.008243091000053937, "vars": [], "numCompared": 8}, "phase": 7, "exectime": 6.615832286}