{"parsing": 1.9799700230000212, "frontend": 0.09038458499999999, "backend": 0.056162264, "simcode": 0.013500842999999998, "templates": 0.042694969, "build": 2.4190563439999835, "sim": 0.06648848200001112, "diff": {"time": 0.006557293000014397, "vars": [], "numCompared": 5}, "phase": 7, "exectime": 5.461243351000007}