{"parsing": 2.0957787729999495, "frontend": 0.08801846399999991, "backend": 0.05327660299999999, "simcode": 0.011968909, "templates": 0.041470457, "build": 2.4690261239999813, "sim": 0.03824639699996624, "diff": {"time": 0.005877641999973093, "vars": [], "numCompared": 4}, "phase": 7, "exectime": 5.60160573600001}