{"parsing": 1.987948684999992, "frontend": 0.107611063, "backend": 0.379423343, "simcode": 0.031324274, "templates": 0.086204506, "build": 3.163290069999988, "sim": 0.04996917700000836, "diff": {"time": 0.00769082800002252, "vars": [], "numCompared": 13}, "phase": 7, "exectime": 6.64466303399999}