{"parsing": 2.0279111539999803, "frontend": 0.10542177200000008, "backend": 0.3505759, "simcode": 0.034224066, "templates": 0.087085594, "build": 3.2611581829999636, "sim": 0.04888874699997814, "diff": {"time": 0.009555041999988134, "vars": [], "numCompared": 10}, "phase": 7, "exectime": 6.768717376999973}