{"parsing": 2.0119319410000003, "frontend": 0.09003362399999999, "backend": 0.010498666000000004, "simcode": 0.004775299999999996, "templates": 0.03389583, "build": 2.023542125000006, "sim": 0.02579935299996805, "diff": {"time": 0.006505732999983138, "vars": [], "numCompared": 3}, "phase": 7, "exectime": 5.038197482999976}