{"parsing": 1.9865333370000258, "frontend": 0.090829189, "backend": 0.049263971000000004, "simcode": 0.011657719000000004, "templates": 0.039139532, "build": 2.4544086160000234, "sim": 0.038310053999964566, "diff": {"time": 0.006207534999987274, "vars": [], "numCompared": 4}, "phase": 7, "exectime": 5.521319056999971}