{"parsing": 2.0174461440000186, "frontend": 0.10597617700000006, "backend": 0.35442602599999995, "simcode": 0.034298754999999986, "templates": 0.08730038400000001, "build": 3.353701699999988, "sim": 0.04933443400000215, "diff": {"time": 0.008917628999995486, "vars": [], "numCompared": 10}, "phase": 7, "exectime": 6.829716783000038}