{"parsing": 2.078948602999958, "frontend": 0.09928353499999998, "backend": 0.08411915200000003, "simcode": 0.343727854, "templates": 0.066552701, "build": 2.7257311680000385, "sim": 0.036303117999977985, "diff": {"time": 0.006323124999994434, "vars": [], "numCompared": 6}, "phase": 7, "exectime": 6.247674783999969}