{"parsing": 1.9759009949999609, "frontend": 0.10886756200000003, "backend": 0.39551224500000004, "simcode": 0.036455154000000004, "templates": 0.096322797, "build": 3.468263445000048, "sim": 0.19413340300002346, "diff": {"time": 0.013259647000040786, "vars": [], "numCompared": 12}, "phase": 7, "exectime": 7.118897102000005}