{"parsing": 2.0162062420000098, "frontend": 0.10518385800000002, "backend": 0.35804854399999997, "simcode": 0.03555432, "templates": 0.09220684600000001, "build": 3.362310691999994, "sim": 0.05066223999995145, "diff": {"time": 0.009332448000009208, "vars": [], "numCompared": 10}, "phase": 7, "exectime": 6.857579929999986}