{"parsing": 1.9766134159999638, "frontend": 0.10915192699999998, "backend": 0.37520377600000004, "simcode": 0.038141207999999996, "templates": 0.090780923, "build": 3.421062968000001, "sim": 0.06541883700003837, "diff": {"time": 0.009094755999967674, "vars": [], "numCompared": 10}, "phase": 7, "exectime": 6.885043981000081}