{"parsing": 2.009109169999988, "frontend": 0.11937417999999994, "backend": 0.3579133670000001, "simcode": 0.03434889899999999, "templates": 0.08818893100000001, "build": 3.315601490000006, "sim": 0.0496955430000412, "diff": {"time": 0.011491199999966284, "vars": [], "numCompared": 10}, "phase": 7, "exectime": 6.838899676000011}