{"parsing": 1.9988680870000053, "frontend": 0.09327139400000001, "backend": 0.04061801500000001, "simcode": 0.012017431999999995, "templates": 0.04029905, "build": 2.426167119000013, "sim": 0.029095307000005732, "diff": {"time": 0.005862942999982579, "vars": [], "numCompared": 4}, "phase": 7, "exectime": 5.446229020000004}