{"parsing": 2.025086651999999, "frontend": 0.10411388599999988, "backend": 0.357720028, "simcode": 0.033707672999999994, "templates": 0.082698977, "build": 3.312156234000014, "sim": 0.05362939299999425, "diff": {"time": 0.025059040999991566, "vars": [], "numCompared": 14}, "phase": 7, "exectime": 6.815998389000015}