{"parsing": 2.0162414380000087, "frontend": 0.09792706800000006, "backend": 0.3245701629999999, "simcode": 0.026886897000000007, "templates": 0.069529056, "build": 3.0191964300000222, "sim": 0.043447710000009465, "diff": {"time": 0.006847503000017241, "vars": [], "numCompared": 7}, "phase": 7, "exectime": 6.410041795999973}