{"parsing": 2.032818261999978, "frontend": 0.10827469699999992, "backend": 0.40791015, "simcode": 0.05391421299999999, "templates": 0.330947943, "build": 3.633183615000007, "sim": 0.05872921999997516, "diff": {"time": 0.010957817000019077, "vars": [], "numCompared": 13}, "phase": 7, "exectime": 7.43276460300001}