{"parsing": 2.0046909179999943, "frontend": 0.08979787599999998, "backend": 0.04771955700000001, "simcode": 0.011055832000000002, "templates": 0.040043332, "build": 2.3863152220000075, "sim": 0.03797635500001206, "diff": {"time": 0.005792794000001322, "vars": [], "numCompared": 4}, "phase": 7, "exectime": 5.435805631999983}