{"parsing": 2.009589763000008, "frontend": 0.1020857120000001, "backend": 0.3416245149999999, "simcode": 0.024065097000000008, "templates": 0.066449541, "build": 2.906795834000036, "sim": 0.17310031599998865, "diff": {"time": 0.010126695999986168, "vars": [], "numCompared": 12}, "phase": 7, "exectime": 6.448447102999978}