{"parsing": 2.026711750000004, "frontend": 0.10328458100000004, "backend": 0.33662166600000004, "simcode": 0.029640526999999986, "templates": 0.07859129100000001, "build": 3.129895676999979, "sim": 0.045183739999970385, "diff": {"time": 0.00779358299996602, "vars": [], "numCompared": 8}, "phase": 7, "exectime": 6.599926424000046}