{"parsing": 2.013984211999997, "frontend": 0.114562787, "backend": 0.40086765900000004, "simcode": 0.035487026000000005, "templates": 0.109197609, "build": 3.2600770509999677, "sim": 0.0514266760000055, "diff": {"time": 0.0047604850000197985, "vars": [], "numCompared": 13}, "phase": 7, "exectime": 6.87391838100001}