{"parsing": 1.9884072810000077, "frontend": 0.09350518000000002, "backend": 0.069151303, "simcode": 0.017588747000000016, "templates": 0.254876399, "build": 2.6246060009999894, "sim": 0.03429716499999813, "diff": {"time": 0.0059309509999820875, "vars": [], "numCompared": 5}, "phase": 7, "exectime": 5.922440421000005}