{"parsing": 2.054819707999968, "frontend": 0.09862436000000002, "backend": 0.080694928, "simcode": 0.2188744, "templates": 0.061685664, "build": 2.853171550000013, "sim": 0.03932446300001402, "diff": {"time": 0.006915472000002865, "vars": [], "numCompared": 6}, "phase": 7, "exectime": 6.213852987999985}