{"parsing": 1.9881919310000171, "frontend": 0.1363335739999999, "backend": 0.35788208200000005, "simcode": 0.03395743300000001, "templates": 0.127522895, "build": 3.2955662090000146, "sim": 0.04907717200001116, "diff": {"time": 0.009489475000009406, "vars": [], "numCompared": 10}, "phase": 7, "exectime": 6.803030927000009}