{"parsing": 1.9975167779999765, "frontend": 0.10625149100000003, "backend": 0.341432744, "simcode": 0.029179257999999958, "templates": 0.09557552299999994, "build": 3.141411586000004, "sim": 0.04555677600001218, "diff": {"time": 0.008534654000015962, "vars": [], "numCompared": 8}, "phase": 7, "exectime": 6.590691022999977}