{"parsing": 2.0445223469999974, "frontend": 0.10676114100000011, "backend": 0.35676593999999995, "simcode": 0.034778951000000086, "templates": 0.09057688199999991, "build": 3.2737029860000177, "sim": 0.0496398380000187, "diff": {"time": 0.009159928999991962, "vars": [], "numCompared": 10}, "phase": 7, "exectime": 6.781007471999999}