{"parsing": 2.02741037200002, "frontend": 0.11036987800000003, "backend": 0.37166201600000004, "simcode": 0.031743953000000005, "templates": 0.084416008, "build": 3.380468547000021, "sim": 0.11224709100002883, "diff": {"time": 0.008452160999979696, "vars": [], "numCompared": 7}, "phase": 7, "exectime": 6.999084697000001}