{"parsing": 2.0273628680000115, "frontend": 0.092480446, "backend": 0.042220033000000004, "simcode": 0.011544988000000006, "templates": 0.040204012, "build": 2.391724117000024, "sim": 0.029276497000012114, "diff": {"time": 0.007539608999991287, "vars": [], "numCompared": 4}, "phase": 7, "exectime": 5.456853196999987}