{"parsing": 1.98518591200002, "frontend": 0.10564850700000006, "backend": 0.36432245699999993, "simcode": 0.03558150299999999, "templates": 0.103141018, "build": 3.373724074999984, "sim": 0.05212775799998326, "diff": {"time": 0.009650801000020692, "vars": [], "numCompared": 10}, "phase": 7, "exectime": 6.857388966999963}