{"parsing": 2.0053619359999857, "frontend": 0.09638498500000009, "backend": 0.08007990799999987, "simcode": 0.21777190000000002, "templates": 0.077260151, "build": 2.6985724410000103, "sim": 0.05613358100004007, "diff": {"time": 0.0091141709999647, "vars": [], "numCompared": 6}, "phase": 7, "exectime": 6.043070012999976}