{"parsing": 2.0529488539999647, "frontend": 0.10724764999999997, "backend": 0.3692967400000001, "simcode": 0.032045086999999986, "templates": 0.08598256300000001, "build": 3.28032365699994, "sim": 0.06187587199997324, "diff": {"time": 0.008808333000047242, "vars": [], "numCompared": 10}, "phase": 7, "exectime": 6.83147575199996}