{"parsing": 1.9845933619999983, "frontend": 0.10273710900000005, "backend": 0.359020611, "simcode": 0.03459815299999999, "templates": 0.090439607, "build": 3.3106971009999597, "sim": 0.051213265999990654, "diff": {"time": 0.009352540000008958, "vars": [], "numCompared": 11}, "phase": 7, "exectime": 6.75602300099996}