{"parsing": 2.0224127650000128, "frontend": 0.10888176500000007, "backend": 0.37231263599999986, "simcode": 0.031381727999999984, "templates": 0.08113882900000001, "build": 3.1540353870000217, "sim": 0.18762780500003373, "diff": {"time": 0.009037852000005842, "vars": [], "numCompared": 10}, "phase": 7, "exectime": 6.789603605000025}