{"parsing": 2.0013419449999788, "frontend": 0.10634067700000005, "backend": 0.354452125, "simcode": 0.034477969, "templates": 0.087181874, "build": 3.2817872179999767, "sim": 0.04945977700003823, "diff": {"time": 0.008934930999998869, "vars": [], "numCompared": 10}, "phase": 7, "exectime": 6.751312374999998}