{"parsing": 2.0009871450000105, "frontend": 0.10193844399999996, "backend": 0.08125439400000001, "simcode": 0.22452968, "templates": 0.06136683900000001, "build": 2.8523519400000055, "sim": 0.0397840499999802, "diff": {"time": 0.00866245299999946, "vars": [], "numCompared": 6}, "phase": 7, "exectime": 6.1891522649999615}