{"parsing": 1.9864525609999646, "frontend": 0.1348778639999999, "backend": 0.8137730810000001, "simcode": 0.09568896700000001, "templates": 0.401154755, "build": 4.964222452999991, "sim": 0.09113413699998318, "diff": {"time": 0.02865904199995839, "vars": [], "numCompared": 22}, "phase": 7, "exectime": 9.314936139999986}