{"parsing": 2.0895940910000093, "frontend": 0.10746307000000005, "backend": 0.3609252449999999, "simcode": 0.035490336, "templates": 0.089459647, "build": 3.322009178000002, "sim": 0.04951514100000054, "diff": {"time": 0.008489695000008624, "vars": [], "numCompared": 10}, "phase": 7, "exectime": 6.894445198}