{"parsing": 1.9890761349999764, "frontend": 0.08813659700000001, "backend": 0.02151139, "simcode": 0.007017365000000005, "templates": 0.032955579, "build": 2.1390722540000127, "sim": 0.025694827999984682, "diff": {"time": 0.004322435999995378, "vars": [], "numCompared": 2}, "phase": 7, "exectime": 5.107187883999984}