{"parsing": 2.0056776250000325, "frontend": 0.10347065599999994, "backend": 0.343759344, "simcode": 0.030068393999999984, "templates": 0.09447883900000001, "build": 3.1614359820000004, "sim": 0.04636244200003148, "diff": {"time": 0.007871417999979258, "vars": [], "numCompared": 8}, "phase": 7, "exectime": 6.580870275999985}