{"parsing": 2.0093465390000347, "frontend": 0.10258950299999997, "backend": 0.373968424, "simcode": 0.038804349000000085, "templates": 0.08529817499999992, "build": 3.22216266800001, "sim": 0.0736377389999916, "diff": {"time": 0.027502825000055964, "vars": [], "numCompared": 18}, "phase": 7, "exectime": 6.746203534000017}