{"parsing": 2.0077718100000084, "frontend": 0.10534501000000007, "backend": 0.337757143, "simcode": 0.028728728999999995, "templates": 0.091098199, "build": 3.1976375170000324, "sim": 0.045807136999997056, "diff": {"time": 0.010658853999984785, "vars": [], "numCompared": 8}, "phase": 7, "exectime": 6.646915729999989}