{"parsing": 2.058559400999968, "frontend": 0.10430900999999992, "backend": 0.08573608900000007, "simcode": 0.22432683099999992, "templates": 0.061297454, "build": 2.768984922999948, "sim": 0.03907821600000716, "diff": {"time": 0.006724342999973487, "vars": [], "numCompared": 6}, "phase": 7, "exectime": 6.187511162999954}