{"parsing": 1.9897128329999987, "frontend": 0.09957413600000009, "backend": 0.375064521, "simcode": 0.03224418800000001, "templates": 0.080811017, "build": 3.2563729020000096, "sim": 0.2660892179999905, "diff": {"time": 0.01033824299997832, "vars": [], "numCompared": 12}, "phase": 7, "exectime": 6.899993576999975}