{"parsing": 2.0086365270000215, "frontend": 0.12013385300000001, "backend": 0.385276864, "simcode": 0.035062157999999996, "templates": 0.086114855, "build": 3.291085427999974, "sim": 0.27129290999999967, "diff": {"time": 0.01112731400002076, "vars": [], "numCompared": 12}, "phase": 7, "exectime": 7.041708776000007}