{"parsing": 2.0225531720000163, "frontend": 0.17046678599999998, "backend": 1.264878291, "simcode": 0.12827234499999995, "templates": 0.470386729, "build": 5.914678439999989, "sim": 0.22655420600000298, "diff": {"time": 0.0236441589999572, "vars": [], "numCompared": 27}, "phase": 7, "exectime": 11.057547477000014}