{"parsing": 2.025448733000019, "frontend": 0.10644829800000005, "backend": 0.354389648, "simcode": 0.030660515999999985, "templates": 0.105809998, "build": 3.2397948409999913, "sim": 0.04748663899999883, "diff": {"time": 0.008070254000017485, "vars": [], "numCompared": 8}, "phase": 7, "exectime": 6.792958401999954}