{"parsing": 1.9938844759999768, "frontend": 0.09752491900000004, "backend": 0.337540035, "simcode": 0.028045524999999988, "templates": 0.08598658, "build": 3.0936539070000038, "sim": 0.0463295090000031, "diff": {"time": 0.007741643000002796, "vars": [], "numCompared": 7}, "phase": 7, "exectime": 6.476546721000005}