{"parsing": 1.9803597480000121, "frontend": 0.13907475800000002, "backend": 0.8492913129999999, "simcode": 0.08977576100000001, "templates": 0.398343671, "build": 4.8935355429999845, "sim": 0.8734150209999711, "diff": {"time": 0.03758751800000937, "vars": ["T3.fire", "T2.fire", "P6.t", "P4.t"], "numCompared": 24}, "phase": 6, "exectime": 10.077864788}