{"parsing": 2.0102929990000007, "frontend": 0.10481846499999997, "backend": 0.33826790100000004, "simcode": 0.029811716999999988, "templates": 0.08128689500000001, "build": 3.209615867000025, "sim": 0.04780300999999554, "diff": {"time": 0.008571503000041503, "vars": [], "numCompared": 8}, "phase": 7, "exectime": 6.632622882000021}