{"parsing": 2.0159073219999755, "frontend": 0.11423242100000003, "backend": 0.359891749, "simcode": 0.030093917999999997, "templates": 0.07880427300000001, "build": 3.2963631800000144, "sim": 0.04967240700000275, "diff": {"time": 0.010556824999980563, "vars": [], "numCompared": 12}, "phase": 7, "exectime": 6.799339590999978}