{"parsing": 1.9855495310000038, "frontend": 0.10525987900000017, "backend": 0.331584167, "simcode": 0.0266409459999999, "templates": 0.084723985, "build": 3.0594446790000234, "sim": 0.043317247999993924, "diff": {"time": 0.007477868999956172, "vars": [], "numCompared": 7}, "phase": 7, "exectime": 6.4710877640000035}