{"parsing": 2.0455493879999835, "frontend": 0.13591799800000004, "backend": 0.7895952879999999, "simcode": 0.06381951800000002, "templates": 0.368053548, "build": 4.593906972000013, "sim": 0.3076340989999835, "diff": {"time": 0.02360425300003044, "vars": [], "numCompared": 21}, "phase": 7, "exectime": 9.129251945000021}