{"parsing": 1.9773620899999855, "frontend": 0.08679655000000001, "backend": 0.053836939, "simcode": 0.012625573999999987, "templates": 0.05534039800000001, "build": 2.38168648300001, "sim": 0.03732674100001532, "diff": {"time": 0.0058667229999969095, "vars": [], "numCompared": 4}, "phase": 7, "exectime": 5.404555880999965}