{"parsing": 1.9944086450000214, "frontend": 0.0901366929999999, "backend": 0.02339426300000002, "simcode": 0.010010713999999983, "templates": 0.04427463399999998, "build": 2.280137711000009, "sim": 0.025759553999989748, "diff": {"time": 0.004504978999989362, "vars": [], "numCompared": 2}, "phase": 7, "exectime": 5.287453630999977}