{"parsing": 1.971562347000031, "frontend": 0.09482511899999996, "backend": 0.33943195000000004, "simcode": 0.028337860000000006, "templates": 0.067501869, "build": 2.9545666419999748, "sim": 0.06183059699998239, "diff": {"time": 0.01049957700001869, "vars": [], "numCompared": 14}, "phase": 7, "exectime": 6.3139260269999795}