{"parsing": 2.0107676210000136, "frontend": 0.1038948260000001, "backend": 0.350853007, "simcode": 0.033829018, "templates": 0.09213327, "build": 3.3310038590000204, "sim": 0.053107604000047104, "diff": {"time": 0.015877813000031438, "vars": [], "numCompared": 14}, "phase": 7, "exectime": 6.844823198000029}