{"parsing": 2.029426901999983, "frontend": 0.09355953099999999, "backend": 0.049722006000000006, "simcode": 0.011781200999999998, "templates": 0.04018059, "build": 2.431639114999996, "sim": 0.1669457080000143, "diff": {"time": 0.0063336979999917276, "vars": [], "numCompared": 5}, "phase": 7, "exectime": 5.6538304289999815}