{"parsing": 2.001508579000074, "frontend": 0.11475093800000002, "backend": 0.438777196, "simcode": 0.04818538899999997, "templates": 0.31232765, "build": 3.44389938300003, "sim": 0.25553081700002167, "diff": {"time": 0.012165384000013546, "vars": [], "numCompared": 14}, "phase": 7, "exectime": 7.449473617000081}