{"parsing": 2.0109821689999876, "frontend": 0.095885114, "backend": 0.08032583000000004, "simcode": 0.22065270099999998, "templates": 0.059880674, "build": 2.7566538170000285, "sim": 0.05158362099996339, "diff": {"time": 0.01138280999998642, "vars": [], "numCompared": 8}, "phase": 7, "exectime": 6.124599816}