{"parsing": 1.9961016560000644, "frontend": 0.10486141999999998, "backend": 0.359704862, "simcode": 0.02951952399999999, "templates": 0.078907264, "build": 3.236978671000088, "sim": 0.11140272099999038, "diff": {"time": 0.0071090559999902325, "vars": [], "numCompared": 7}, "phase": 7, "exectime": 6.732611199999951}