{"parsing": 2.031834371000002, "frontend": 0.12349917099999996, "backend": 0.46500076700000004, "simcode": 0.05285269100000001, "templates": 0.33159611, "build": 3.6412225710000143, "sim": 0.26115627299998323, "diff": {"time": 0.01194492799999125, "vars": [], "numCompared": 14}, "phase": 7, "exectime": 7.7866258479999715}