{"parsing": 2.0080485029999977, "frontend": 0.13594738699999986, "backend": 0.8643456469999999, "simcode": 0.0907568190000001, "templates": 0.39405105, "build": 5.047461297000041, "sim": 0.967610943000011, "diff": {"time": 0.02029748100000006, "vars": [], "numCompared": 24}, "phase": 7, "exectime": 10.316756883999972}