{"parsing": 1.9882095550000258, "frontend": 0.10539418000000011, "backend": 0.35377297099999994, "simcode": 0.028531650000000047, "templates": 0.07655641999999996, "build": 3.0734258060000457, "sim": 0.1845234909999931, "diff": {"time": 0.01083595699998341, "vars": [], "numCompared": 10}, "phase": 7, "exectime": 6.6183658079999645}