{"parsing": 1.9928306640000528, "frontend": 0.10561217800000006, "backend": 0.36348706000000003, "simcode": 0.03237771599999999, "templates": 0.08527842100000001, "build": 3.213784879000002, "sim": 0.06073222600002737, "diff": {"time": 0.009404144000029646, "vars": [], "numCompared": 10}, "phase": 7, "exectime": 6.650913432999971}