{"parsing": 1.9932810970000219, "frontend": 0.089444507, "backend": 0.048848313000000004, "simcode": 0.011657097000000005, "templates": 0.039255451, "build": 2.405143667999994, "sim": 0.03725124600003937, "diff": {"time": 0.005369576999953551, "vars": [], "numCompared": 4}, "phase": 7, "exectime": 5.426799381999956}