{"parsing": 2.0340412410000113, "frontend": 0.096365106, "backend": 0.059482095, "simcode": 0.014951203000000003, "templates": 0.050247145, "build": 2.474442781000022, "sim": 0.07047617199998513, "diff": {"time": 0.006216654000013477, "vars": [], "numCompared": 5}, "phase": 7, "exectime": 5.631802453999995}