{"parsing": 1.9781824189999782, "frontend": 0.08668971099999999, "backend": 0.04076584500000001, "simcode": 0.011752618, "templates": 0.03968445, "build": 2.3689310960000114, "sim": 0.028752326999978095, "diff": {"time": 0.005792592000005925, "vars": [], "numCompared": 4}, "phase": 7, "exectime": 5.341355426999996}