{"parsing": 1.9947186620000252, "frontend": 0.11670441200000004, "backend": 0.361706673, "simcode": 0.03540447599999999, "templates": 0.09073748200000001, "build": 3.335882237000021, "sim": 0.0508656480000127, "diff": {"time": 0.009573912000007567, "vars": [], "numCompared": 10}, "phase": 7, "exectime": 6.801934304999975}