{"parsing": 1.9889319709999995, "frontend": 0.09864985600000009, "backend": 0.33105014499999996, "simcode": 0.030245757000000012, "templates": 0.069511827, "build": 3.0422087439999927, "sim": 0.04863340499997548, "diff": {"time": 0.010460195000007388, "vars": [], "numCompared": 14}, "phase": 7, "exectime": 6.45042649100003}