{"parsing": 1.9906788559999882, "frontend": 0.10225315599999996, "backend": 0.33637428300000005, "simcode": 0.02350570199999999, "templates": 0.08225306900000001, "build": 2.933057281999993, "sim": 0.1116498879999881, "diff": {"time": 0.0070168920000242, "vars": [], "numCompared": 7}, "phase": 7, "exectime": 6.391476393999994}