{"parsing": 1.9983803769999895, "frontend": 0.092736687, "backend": 0.04939297299999999, "simcode": 0.012902512000000012, "templates": 0.050506457, "build": 2.424988103000004, "sim": 0.030884123999982194, "diff": {"time": 0.0060555340000121305, "vars": [], "numCompared": 4}, "phase": 7, "exectime": 5.512252169999982}