{"parsing": 2.002065669999979, "frontend": 0.11838821499999996, "backend": 0.459218573, "simcode": 0.058710965000000115, "templates": 0.3300426909999999, "build": 3.9039995709999857, "sim": 0.188568751000048, "diff": {"time": 0.009907844999929694, "vars": [], "numCompared": 12}, "phase": 7, "exectime": 7.896825339999964}