{"parsing": 2.0073570909999887, "frontend": 0.08406981899999999, "backend": 0.015507513000000014, "simcode": 0.006951481999999998, "templates": 0.029889849, "build": 2.0897213840000006, "sim": 0.023493989999991527, "diff": {"time": 0.004443883999982745, "vars": [], "numCompared": 2}, "phase": 7, "exectime": 5.068211160999994}