{"parsing": 1.988738569999981, "frontend": 0.08851929900000001, "backend": 0.04906482699999999, "simcode": 0.012771506000000009, "templates": 0.050258587, "build": 2.418691234999983, "sim": 0.030236898999987716, "diff": {"time": 0.00524198499999784, "vars": [], "numCompared": 4}, "phase": 7, "exectime": 5.461859834999984}