{"parsing": 2.0004368219999833, "frontend": 0.10020770700000003, "backend": 0.34719811200000006, "simcode": 0.03404329999999997, "templates": 0.08792170599999993, "build": 3.3167317639999965, "sim": 0.053970651999975416, "diff": {"time": 0.02539644899997029, "vars": [], "numCompared": 14}, "phase": 7, "exectime": 6.767256664000001}