{"parsing": 1.9764294900000152, "frontend": 0.082012212, "backend": 0.009686238000000003, "simcode": 0.004557239999999997, "templates": 0.022269473, "build": 1.9966618290000042, "sim": 0.021713173999984292, "diff": {"time": 0.004942010000007713, "vars": [], "numCompared": 3}, "phase": 7, "exectime": 4.927785758999988}