{"parsing": 1.9975835749999646, "frontend": 0.10055330100000004, "backend": 0.3558019, "simcode": 0.026489444, "templates": 0.06970662100000001, "build": 3.083932804999961, "sim": 0.17836211900004173, "diff": {"time": 0.00957549800000379, "vars": [], "numCompared": 12}, "phase": 7, "exectime": 6.64038629800001}