{"parsing": 1.9941749649999565, "frontend": 0.09711833199999997, "backend": 0.08101508700000004, "simcode": 0.21589416399999997, "templates": 0.060166623, "build": 2.79859338, "sim": 0.03761037399999623, "diff": {"time": 0.007483914000033565, "vars": [], "numCompared": 6}, "phase": 7, "exectime": 6.074418026999979}