{"parsing": 1.9900050179999766, "frontend": 0.10451926599999989, "backend": 0.3366523930000001, "simcode": 0.029328484000000002, "templates": 0.079611215, "build": 3.2100437060000218, "sim": 0.045823653000013564, "diff": {"time": 0.00793969000000061, "vars": [], "numCompared": 8}, "phase": 7, "exectime": 6.6096540400000094}