{"parsing": 2.0086049590000243, "frontend": 0.10512442099999997, "backend": 0.311422753, "simcode": 0.024528260999999982, "templates": 0.06708714, "build": 2.9580176139999708, "sim": 0.04431876299997839, "diff": {"time": 0.008480364000035934, "vars": [], "numCompared": 8}, "phase": 7, "exectime": 6.322423501999992}