{"parsing": 1.983957164000003, "frontend": 0.103087653, "backend": 0.351646589, "simcode": 0.037168011999999986, "templates": 0.097141714, "build": 3.339729288000001, "sim": 0.05045240900000181, "diff": {"time": 0.008797502000049917, "vars": [], "numCompared": 10}, "phase": 7, "exectime": 6.78197547100001}