{"parsing": 1.9824785980000001, "frontend": 0.09943860300000007, "backend": 0.331180898, "simcode": 0.028495625999999996, "templates": 0.075821541, "build": 3.1188803800000073, "sim": 0.04534238999997342, "diff": {"time": 0.008139987999982168, "vars": [], "numCompared": 8}, "phase": 7, "exectime": 6.4874571500000116}