{"parsing": 2.072764379999967, "frontend": 0.09559098199999999, "backend": 0.051634944, "simcode": 0.014548924000000005, "templates": 0.052115258, "build": 2.5192621400000235, "sim": 0.032829415999970024, "diff": {"time": 0.006725521000021217, "vars": [], "numCompared": 4}, "phase": 7, "exectime": 5.683543051000015}