{"parsing": 2.0426480960000504, "frontend": 0.09191407, "backend": 0.009059305, "simcode": 0.00435895, "templates": 0.021974733, "build": 2.0595371, "sim": 0.021260871999970732, "diff": {"time": 0.004654196999979376, "vars": [], "numCompared": 3}, "phase": 7, "exectime": 5.090225142999998}