{"parsing": 2.0452910470000063, "frontend": 0.09426495900000001, "backend": 0.06526729600000003, "simcode": 0.013881568000000066, "templates": 0.0584716489999999, "build": 2.4812150619999898, "sim": 0.07234289199999466, "diff": {"time": 0.005746877999996514, "vars": [], "numCompared": 5}, "phase": 7, "exectime": 5.652242295999997}