{"parsing": 1.9789463889999865, "frontend": 0.0964819850000001, "backend": 0.308950049, "simcode": 0.024408697999999993, "templates": 0.06513674300000001, "build": 2.9474950709999916, "sim": 0.042350220999992416, "diff": {"time": 0.00754769299999225, "vars": [], "numCompared": 8}, "phase": 7, "exectime": 6.267448010999999}