{"parsing": 2.0571669920000204, "frontend": 0.09603940500000001, "backend": 0.05553594200000002, "simcode": 0.012390887999999989, "templates": 0.05307440699999999, "build": 2.5435843889999887, "sim": 0.03914435199999389, "diff": {"time": 0.00591274600003544, "vars": [], "numCompared": 4}, "phase": 7, "exectime": 5.733042759}