{"parsing": 1.9984184140000139, "frontend": 0.10709449500000001, "backend": 0.39590089400000006, "simcode": 0.035688512000000006, "templates": 0.09343065199999989, "build": 3.356397471999969, "sim": 0.07160130400006892, "diff": {"time": 0.012238801999956195, "vars": [], "numCompared": 10}, "phase": 7, "exectime": 6.93049110000004}