{"parsing": 2.0093849410000075, "frontend": 0.11108753199999999, "backend": 0.39244968099999994, "simcode": 0.044282839000000004, "templates": 0.10244347, "build": 3.47962079499996, "sim": 0.07611842599999363, "diff": {"time": 0.006698840000012751, "vars": [], "numCompared": 11}, "phase": 7, "exectime": 7.011149974000034}