{"parsing": 1.986563345000036, "frontend": 0.11533078499999994, "backend": 0.4364092690000001, "simcode": 0.06536703199999994, "templates": 0.331469445, "build": 4.033520423000027, "sim": 0.07134629400002268, "diff": {"time": 0.018452582000008988, "vars": [], "numCompared": 16}, "phase": 7, "exectime": 7.842988416999958}