{"parsing": 1.9902775479999946, "frontend": 0.107167599, "backend": 0.364406932, "simcode": 0.036004194, "templates": 0.090775272, "build": 3.4087641699999836, "sim": 0.0513303399999927, "diff": {"time": 0.011582530999987739, "vars": [], "numCompared": 11}, "phase": 7, "exectime": 6.863321572000018}