{"parsing": 2.021092492000008, "frontend": 0.09255625200000002, "backend": 0.050095030999999984, "simcode": 0.014598603000000009, "templates": 0.055434111, "build": 2.4098816569999997, "sim": 0.03057719899999256, "diff": {"time": 0.005253761999995277, "vars": [], "numCompared": 4}, "phase": 7, "exectime": 5.528500226999995}