{"parsing": 1.9803200769999876, "frontend": 0.10644473800000004, "backend": 0.35434602, "simcode": 0.035856598, "templates": 0.087725048, "build": 3.2249295359999905, "sim": 0.048352612999963185, "diff": {"time": 0.009466221000025143, "vars": [], "numCompared": 10}, "phase": 7, "exectime": 6.674634825999988}