{"parsing": 2.0085832080000046, "frontend": 0.10893592500000004, "backend": 0.360879264, "simcode": 0.03495860499999999, "templates": 0.08643396, "build": 3.3092712569999776, "sim": 0.050010439999994105, "diff": {"time": 0.008527985000000626, "vars": [], "numCompared": 10}, "phase": 7, "exectime": 6.7615679200000045}