{"parsing": 1.9862822190000315, "frontend": 0.09779165299999998, "backend": 0.08026888399999998, "simcode": 0.215475463, "templates": 0.059861558, "build": 2.8104402729999833, "sim": 0.03743499299997666, "diff": {"time": 0.00604686799999854, "vars": [], "numCompared": 6}, "phase": 7, "exectime": 6.0846233019999545}