{"parsing": 1.9930013669999767, "frontend": 0.11969716600000002, "backend": 0.348161065, "simcode": 0.030420094999999994, "templates": 0.08394997500000001, "build": 3.096969328, "sim": 0.04935634700001401, "diff": {"time": 0.013935592999985147, "vars": [], "numCompared": 14}, "phase": 7, "exectime": 6.580874854000001}