{"parsing": 2.0361378730000013, "frontend": 0.092092663, "backend": 0.049737593000000004, "simcode": 0.011697523000000001, "templates": 0.041646385, "build": 2.393028912999995, "sim": 0.2960719989999916, "diff": {"time": 0.007171511000024111, "vars": [], "numCompared": 5}, "phase": 7, "exectime": 5.7665394930000105}