{"parsing": 1.9834924520000072, "frontend": 0.09801133299999999, "backend": 0.04323738700000001, "simcode": 0.011689486999999985, "templates": 0.04023824600000001, "build": 2.3691434890000096, "sim": 0.030770187999962673, "diff": {"time": 0.00777389900002845, "vars": [], "numCompared": 4}, "phase": 7, "exectime": 5.37837117600003}