{"parsing": 2.072457337000003, "frontend": 0.11476633599999997, "backend": 0.401473059, "simcode": 0.053296012999999975, "templates": 0.325197573, "build": 3.682495753000012, "sim": 0.059769950999964294, "diff": {"time": 0.011670001000027241, "vars": [], "numCompared": 13}, "phase": 7, "exectime": 7.535343635999993}