{"parsing": 1.9930284939999865, "frontend": 0.09070387, "backend": 0.025932688999999995, "simcode": 0.012551392999999994, "templates": 0.04495122200000001, "build": 2.1489278290000016, "sim": 0.025659072000024707, "diff": {"time": 0.005753650999992033, "vars": [], "numCompared": 2}, "phase": 7, "exectime": 5.166260190000003}