{"parsing": 2.0415657789999955, "frontend": 0.13832678300000012, "backend": 0.823741414, "simcode": 0.09943622600000007, "templates": 0.4148506869999999, "build": 4.937568784000007, "sim": 0.08945066100000076, "diff": {"time": 0.021080126000015298, "vars": [], "numCompared": 22}, "phase": 7, "exectime": 9.37361402700003}