{"parsing": 2.040869891, "frontend": 0.10725267099999991, "backend": 0.365774051, "simcode": 0.03358006499999999, "templates": 0.08589084200000001, "build": 3.2976617919999853, "sim": 0.061401222000029065, "diff": {"time": 0.011521952000009605, "vars": [], "numCompared": 10}, "phase": 7, "exectime": 6.835379434000004}