{"parsing": 2.0224517910000372, "frontend": 0.09419439699999999, "backend": 0.042162140000000015, "simcode": 0.011885113999999995, "templates": 0.040030714, "build": 2.4262910170000396, "sim": 0.02944185999996307, "diff": {"time": 0.006110223999996833, "vars": [], "numCompared": 4}, "phase": 7, "exectime": 5.522696775999975}