{"parsing": 2.0460893860000056, "frontend": 0.08808276499999998, "backend": 0.016076279, "simcode": 0.006954988000000002, "templates": 0.030038149, "build": 2.195246859000008, "sim": 0.023359306000031665, "diff": {"time": 0.0042444349999755104, "vars": [], "numCompared": 2}, "phase": 7, "exectime": 5.22495808900004}