{"parsing": 1.9922006339999712, "frontend": 0.10751934399999996, "backend": 0.35714824900000014, "simcode": 0.034242370999999897, "templates": 0.086375019, "build": 3.326471809999987, "sim": 0.05002380000001949, "diff": {"time": 0.012031677000038599, "vars": [], "numCompared": 10}, "phase": 7, "exectime": 6.78241962200002}