{"parsing": 1.9824252999999885, "frontend": 0.09737035100000001, "backend": 0.0505649879999999, "simcode": 0.015925912, "templates": 0.044682624, "build": 2.577968819999967, "sim": 0.033484886999985974, "diff": {"time": 0.006584477999979299, "vars": [], "numCompared": 6}, "phase": 7, "exectime": 5.618068800999993}