{"parsing": 2.1221535280000126, "frontend": 0.090596808, "backend": 0.04058140700000001, "simcode": 0.011348010000000006, "templates": 0.040279273, "build": 2.351448354000013, "sim": 0.02862262600001486, "diff": {"time": 0.0051918770000156655, "vars": [], "numCompared": 4}, "phase": 7, "exectime": 5.5842520639999975}