{"parsing": 1.9809060649999992, "frontend": 0.09820750999999994, "backend": 0.327499439, "simcode": 0.02864470999999999, "templates": 0.07721108800000001, "build": 3.1531625480000116, "sim": 0.045370735999995304, "diff": {"time": 0.009776444000010542, "vars": [], "numCompared": 8}, "phase": 7, "exectime": 6.5239332119999744}