{"parsing": 2.0359952690000114, "frontend": 0.10833698200000014, "backend": 0.3675567629999999, "simcode": 0.02980456599999999, "templates": 0.082226187, "build": 3.126452832000041, "sim": 0.18621643800003085, "diff": {"time": 0.011004302000003463, "vars": [], "numCompared": 10}, "phase": 7, "exectime": 6.757383298999969}