{"parsing": 1.9887245909999933, "frontend": 0.10298279199999999, "backend": 0.08031160600000004, "simcode": 0.22918530499999998, "templates": 0.06078656800000001, "build": 2.7526958530000343, "sim": 0.03703621599998996, "diff": {"time": 0.00842412700001205, "vars": [], "numCompared": 6}, "phase": 7, "exectime": 6.080346005000024}