{"parsing": 1.9968758210000033, "frontend": 0.09524597199999998, "backend": 0.05471519, "simcode": 0.015208017000000004, "templates": 0.050748471, "build": 2.5545435650000172, "sim": 0.03274787000003698, "diff": {"time": 0.00904693400002543, "vars": [], "numCompared": 6}, "phase": 7, "exectime": 5.633610825000005}