{"parsing": 2.01346339600002, "frontend": 0.1020534609999999, "backend": 0.3347148160000001, "simcode": 0.021526005999999917, "templates": 0.066743124, "build": 2.857470123000013, "sim": 0.10710795200000689, "diff": {"time": 0.008028706000004604, "vars": [], "numCompared": 6}, "phase": 7, "exectime": 6.339368531000019}