{"parsing": 2.0082397919999835, "frontend": 0.10897118399999989, "backend": 0.3726041190000001, "simcode": 0.033974555000000004, "templates": 0.08628495, "build": 3.3010714789999724, "sim": 0.06439266600000337, "diff": {"time": 0.008492095999997673, "vars": [], "numCompared": 10}, "phase": 7, "exectime": 6.809742955000047}