{"parsing": 2.0058600520000027, "frontend": 0.10521952800000006, "backend": 0.35089149799999997, "simcode": 0.024486123999999998, "templates": 0.06842234400000001, "build": 2.9539764379999838, "sim": 0.11241899000000899, "diff": {"time": 0.007386334000017314, "vars": [], "numCompared": 7}, "phase": 7, "exectime": 6.447899942000021}