{"parsing": 1.9939267119999613, "frontend": 0.106713281, "backend": 0.4165029720000001, "simcode": 0.034901925999999986, "templates": 0.09080315900000001, "build": 3.3763417519999734, "sim": 0.052645712000014555, "diff": {"time": 0.010018417000026147, "vars": [], "numCompared": 10}, "phase": 7, "exectime": 6.89769917000001}