{"parsing": 2.0062445089999983, "frontend": 0.10436807800000009, "backend": 0.345799329, "simcode": 0.030768564999999998, "templates": 0.08325711000000001, "build": 3.220059861999971, "sim": 0.047530479999977615, "diff": {"time": 0.008551487999966412, "vars": [], "numCompared": 8}, "phase": 7, "exectime": 6.649528722000014}