{"parsing": 1.987399427000014, "frontend": 0.08730082900000002, "backend": 0.07396775, "simcode": 0.01635468200000001, "templates": 0.242387945, "build": 2.5068844340000283, "sim": 0.04120115299997451, "diff": {"time": 0.007941274000017984, "vars": [], "numCompared": 4}, "phase": 7, "exectime": 5.738675833000002}