{"parsing": 2.0101546610000014, "frontend": 0.11110352399999995, "backend": 0.36411395, "simcode": 0.035276664999999985, "templates": 0.09054970600000001, "build": 3.3973851389999936, "sim": 0.051485364000029676, "diff": {"time": 0.011432908000017505, "vars": [], "numCompared": 11}, "phase": 7, "exectime": 6.89660663899997}