{"parsing": 2.0063781869999957, "frontend": 0.10083951400000007, "backend": 0.346588173, "simcode": 0.028150619, "templates": 0.067533877, "build": 2.9704007880000063, "sim": 0.061503694000009546, "diff": {"time": 0.010415310999974281, "vars": [], "numCompared": 14}, "phase": 7, "exectime": 6.393130594000013}