{"parsing": 1.9810288439999795, "frontend": 0.11670657300000009, "backend": 0.45550692699999995, "simcode": 0.05961776299999999, "templates": 0.328156318, "build": 3.934357480000017, "sim": 0.18627339800002574, "diff": {"time": 0.00988028699998722, "vars": [], "numCompared": 12}, "phase": 7, "exectime": 7.865510766000057}