{"parsing": 2.0011276160000193, "frontend": 0.11904338699999994, "backend": 0.43546037300000007, "simcode": 0.06635020399999997, "templates": 0.335799781, "build": 4.134582334000015, "sim": 0.07272256199996718, "diff": {"time": 0.018122247000007974, "vars": [], "numCompared": 16}, "phase": 7, "exectime": 7.992301664999957}