{"parsing": 2.0073363519999816, "frontend": 0.090667205, "backend": 0.053450893, "simcode": 0.011852051999999995, "templates": 0.041275917, "build": 2.3938809439999886, "sim": 0.0379735160000223, "diff": {"time": 0.005895994000013616, "vars": [], "numCompared": 4}, "phase": 7, "exectime": 5.498526097999957}