{"parsing": 2.010695983000005, "frontend": 0.091892633, "backend": 0.07453988700000008, "simcode": 0.015544740999999918, "templates": 0.245947248, "build": 2.5425573629999576, "sim": 0.0422089560000245, "diff": {"time": 0.005893910999986929, "vars": [], "numCompared": 4}, "phase": 7, "exectime": 5.828152456999987}