{"parsing": 2.0056285140000227, "frontend": 0.10034561500000011, "backend": 0.36124866899999986, "simcode": 0.03193102400000006, "templates": 0.08335054899999994, "build": 3.2048538410000447, "sim": 0.061757537000005414, "diff": {"time": 0.00914858099997673, "vars": [], "numCompared": 10}, "phase": 7, "exectime": 6.6484446999999705}