{"parsing": 2.030926563999998, "frontend": 0.09124425599999988, "backend": 0.041026717000000074, "simcode": 0.012283196999999926, "templates": 0.050044717, "build": 2.3703449950000106, "sim": 0.028996256999988645, "diff": {"time": 0.007202904999985549, "vars": [], "numCompared": 4}, "phase": 7, "exectime": 5.458275825000015}