{"parsing": 1.9770906980000404, "frontend": 0.12584290500000006, "backend": 0.45607989000000004, "simcode": 0.05924645799999989, "templates": 0.319999026, "build": 3.9774097470000243, "sim": 0.1885631119999971, "diff": {"time": 0.013845773999946687, "vars": [], "numCompared": 12}, "phase": 7, "exectime": 7.898291885999981}