{"parsing": 1.9832032539999886, "frontend": 0.10789654000000004, "backend": 0.366465866, "simcode": 0.030614057, "templates": 0.094574243, "build": 3.1632551449999937, "sim": 0.1912281449999682, "diff": {"time": 0.009560159000045587, "vars": [], "numCompared": 10}, "phase": 7, "exectime": 6.756202350000024}