{"parsing": 1.9855638800000293, "frontend": 0.11909675599999997, "backend": 0.356018767, "simcode": 0.034724724, "templates": 0.088478873, "build": 3.2616229640000256, "sim": 0.04980145900003663, "diff": {"time": 0.009256830000026639, "vars": [], "numCompared": 10}, "phase": 7, "exectime": 6.745453636000036}