{"parsing": 2.0405971729999806, "frontend": 0.10446763300000006, "backend": 0.320023963, "simcode": 0.025750993, "templates": 0.076095549, "build": 2.9344655909999915, "sim": 0.043640562999996746, "diff": {"time": 0.007658711000033236, "vars": [], "numCompared": 8}, "phase": 7, "exectime": 6.358920914999999}