{"parsing": 1.9926827220000405, "frontend": 0.12510050699999997, "backend": 0.44280906800000014, "simcode": 0.06527048400000002, "templates": 0.3392769689999999, "build": 4.059717562000003, "sim": 0.06647307800000135, "diff": {"time": 0.018422362000023895, "vars": [], "numCompared": 16}, "phase": 7, "exectime": 7.9225630970000225}