{"parsing": 1.9701951989999884, "frontend": 0.12617158500000003, "backend": 0.7750798510000001, "simcode": 0.06278801599999989, "templates": 0.373737369, "build": 4.569824797000024, "sim": 0.3041313149999496, "diff": {"time": 0.0199812980000047, "vars": [], "numCompared": 21}, "phase": 7, "exectime": 9.013337948000014}