{"parsing": 1.9727805979999857, "frontend": 0.10952909499999997, "backend": 0.43102955500000006, "simcode": 0.04957375599999997, "templates": 0.309269061, "build": 3.4439571280000223, "sim": 0.2561215030000312, "diff": {"time": 0.01136004900001808, "vars": [], "numCompared": 14}, "phase": 7, "exectime": 7.359512225000003}