{"parsing": 1.9802658480000161, "frontend": 0.085425794, "backend": 0.0074435890000000005, "simcode": 0.004057796999999998, "templates": 0.021784107, "build": 2.126557818000009, "sim": 0.026825193999997055, "diff": {"time": 0.005476114999993342, "vars": [], "numCompared": 4}, "phase": 7, "exectime": 5.075085158999997}