{"parsing": 1.972108989999981, "frontend": 0.09619907899999991, "backend": 0.351442338, "simcode": 0.026547042000000007, "templates": 0.070172233, "build": 3.018476519999979, "sim": 0.1782761200000209, "diff": {"time": 0.010128972000018166, "vars": [], "numCompared": 12}, "phase": 7, "exectime": 6.506566215999953}