{"parsing": 2.0358222469999987, "frontend": 0.098997497, "backend": 0.05186226799999999, "simcode": 0.011983768000000006, "templates": 0.053014509, "build": 2.432103373000018, "sim": 0.06627568999999767, "diff": {"time": 0.007632639000007657, "vars": [], "numCompared": 5}, "phase": 7, "exectime": 5.650570133999992}