{"parsing": 1.9824821419999807, "frontend": 0.11354582099999999, "backend": 0.440881527, "simcode": 0.04847604900000002, "templates": 0.317647886, "build": 3.484793458000013, "sim": 0.25547119600003043, "diff": {"time": 0.011546555999984776, "vars": [], "numCompared": 14}, "phase": 7, "exectime": 7.440988061999974}