{"parsing": 2.0514717879999864, "frontend": 0.091263592, "backend": 0.051588510000000004, "simcode": 0.011152179999999998, "templates": 0.040872533, "build": 2.3523280590000013, "sim": 0.14123444200001245, "diff": {"time": 0.007551078000005873, "vars": [], "numCompared": 5}, "phase": 7, "exectime": 5.579874286000006}