{"parsing": 2.030004607999956, "frontend": 0.09123568200000001, "backend": 0.047815866, "simcode": 0.012448915000000005, "templates": 0.042571924, "build": 2.4227841109999986, "sim": 0.030918782000014744, "diff": {"time": 0.005933301000027313, "vars": [], "numCompared": 4}, "phase": 7, "exectime": 5.479423520000012}