{"parsing": 1.9933152520000021, "frontend": 0.10156616800000007, "backend": 0.3511784559999999, "simcode": 0.03452314399999999, "templates": 0.087293856, "build": 3.4055154719999905, "sim": 0.04968503999998575, "diff": {"time": 0.008953918000031535, "vars": [], "numCompared": 10}, "phase": 7, "exectime": 6.8418212369999765}