{"parsing": 2.000239061000002, "frontend": 0.100140269, "backend": 0.340222704, "simcode": 0.021250697, "templates": 0.06153852100000001, "build": 2.9481787480000037, "sim": 0.19281370499999184, "diff": {"time": 0.008036658000008856, "vars": [], "numCompared": 9}, "phase": 7, "exectime": 6.537321433000017}