{"parsing": 2.0475820370000406, "frontend": 0.10593709500000009, "backend": 0.3487480199999999, "simcode": 0.03069687, "templates": 0.075333831, "build": 3.1354728969999996, "sim": 0.046192383999994036, "diff": {"time": 0.008176526999989164, "vars": [], "numCompared": 7}, "phase": 7, "exectime": 6.632164379000017}