{"parsing": 2.0143854429999806, "frontend": 0.10716656800000002, "backend": 0.36982135499999996, "simcode": 0.033582193999999996, "templates": 0.086884289, "build": 3.406940216999999, "sim": 0.06257927000001473, "diff": {"time": 0.012346692999983588, "vars": [], "numCompared": 10}, "phase": 7, "exectime": 6.900807222000026}