{"parsing": 1.9916283109999995, "frontend": 0.10390225399999997, "backend": 0.350942396, "simcode": 0.034399995, "templates": 0.086928327, "build": 3.3042568550000055, "sim": 0.0486787149999941, "diff": {"time": 0.010587785999973676, "vars": [], "numCompared": 10}, "phase": 7, "exectime": 6.756565593000005}