{"parsing": 1.973141154000018, "frontend": 0.10642115700000004, "backend": 0.35073935700000003, "simcode": 0.035245893999999986, "templates": 0.103423157, "build": 3.2615337169999634, "sim": 0.05029588400003604, "diff": {"time": 0.009428648999971756, "vars": [], "numCompared": 10}, "phase": 7, "exectime": 6.702348335000011}