{"parsing": 1.9587256099999877, "frontend": 0.10455105000000009, "backend": 0.3822459899999999, "simcode": 0.03483813999999999, "templates": 0.091202689, "build": 3.357384045999993, "sim": 0.18954541799996605, "diff": {"time": 0.009743109999988064, "vars": [], "numCompared": 12}, "phase": 7, "exectime": 6.925222462000022}