{"parsing": 2.004248935000021, "frontend": 0.10460709500000004, "backend": 0.37681843800000003, "simcode": 0.031024732999999985, "templates": 0.07077198400000001, "build": 3.0360920529999476, "sim": 0.04908443699997633, "diff": {"time": 0.010388942000020052, "vars": [], "numCompared": 14}, "phase": 7, "exectime": 6.505654144000005}