{"parsing": 1.9864552590000244, "frontend": 0.12449600099999997, "backend": 0.363584842, "simcode": 0.03498966299999999, "templates": 0.090611548, "build": 3.3618036140000527, "sim": 0.050315030000035676, "diff": {"time": 0.009270022000009703, "vars": [], "numCompared": 10}, "phase": 7, "exectime": 6.812860181000019}