{"parsing": 2.0278917150000098, "frontend": 0.1063201379999999, "backend": 0.3628781010000001, "simcode": 0.03442419499999999, "templates": 0.08714917200000001, "build": 3.2553867870000204, "sim": 0.049117346000002726, "diff": {"time": 0.00910350499998458, "vars": [], "numCompared": 10}, "phase": 7, "exectime": 6.746253753000019}