{"parsing": 2.0063634730000217, "frontend": 0.09137047799999988, "backend": 0.04790528600000001, "simcode": 0.011101300999999994, "templates": 0.040073424, "build": 2.361353584000028, "sim": 0.03808467299995755, "diff": {"time": 0.008747911000000386, "vars": [], "numCompared": 4}, "phase": 7, "exectime": 5.4205976500000475}