{"parsing": 2.0153608229999804, "frontend": 0.10284623200000004, "backend": 0.352345887, "simcode": 0.034469835000000004, "templates": 0.110408213, "build": 3.3129144690000203, "sim": 0.050381279000021095, "diff": {"time": 0.017700453000031757, "vars": [], "numCompared": 16}, "phase": 7, "exectime": 6.795748508999964}