{"parsing": 1.9917129140000043, "frontend": 0.09817575100000003, "backend": 0.08270498300000001, "simcode": 0.21737787399999997, "templates": 0.078743585, "build": 2.788141672999984, "sim": 0.03802326200002426, "diff": {"time": 0.008604313999967417, "vars": [], "numCompared": 9}, "phase": 7, "exectime": 6.122949914999992}