{"parsing": 2.1098024260000443, "frontend": 0.11214524599999998, "backend": 0.38637978000000006, "simcode": 0.036707374, "templates": 0.093929049, "build": 3.3838243780000425, "sim": 0.0662585599999943, "diff": {"time": 0.008274008000000777, "vars": [], "numCompared": 10}, "phase": 7, "exectime": 7.016433312000004}