{"parsing": 2.0333731119999925, "frontend": 0.10659024200000006, "backend": 0.361040025, "simcode": 0.036141802, "templates": 0.090331825, "build": 3.371370555999988, "sim": 0.05156228200002033, "diff": {"time": 0.00920531399998481, "vars": [], "numCompared": 10}, "phase": 7, "exectime": 6.85881684200001}