{"parsing": 1.995106072999988, "frontend": 0.10121074600000002, "backend": 0.352532356, "simcode": 0.034763382999999995, "templates": 0.086082869, "build": 3.2248789610000017, "sim": 0.04818200199997591, "diff": {"time": 0.008937040000034813, "vars": [], "numCompared": 10}, "phase": 7, "exectime": 6.65700254799998}