{"parsing": 2.0425780810000163, "frontend": 0.10607604400000009, "backend": 0.36060917199999987, "simcode": 0.03578667000000001, "templates": 0.089307706, "build": 3.2826594160000013, "sim": 0.05004844900000194, "diff": {"time": 0.009049324000017123, "vars": [], "numCompared": 10}, "phase": 7, "exectime": 6.783834937000023}