{"parsing": 1.995068941999989, "frontend": 0.1030275839999999, "backend": 0.08067249900000001, "simcode": 0.221350648, "templates": 0.068153404, "build": 2.7318313540000077, "sim": 0.037027418999969086, "diff": {"time": 0.006451288999983262, "vars": [], "numCompared": 6}, "phase": 7, "exectime": 6.06741667}