{"parsing": 2.065027165999993, "frontend": 0.10879618400000002, "backend": 0.345697337, "simcode": 0.032327681, "templates": 0.101039773, "build": 3.2154415090000157, "sim": 0.046191381000028287, "diff": {"time": 0.00860553800004027, "vars": [], "numCompared": 8}, "phase": 7, "exectime": 6.762466185999983}