{"parsing": 2.0177924369999687, "frontend": 0.10713027200000003, "backend": 0.410123365, "simcode": 0.04360103299999993, "templates": 0.09781781499999997, "build": 3.481106625000052, "sim": 0.3212167679999993, "diff": {"time": 0.010807813000042188, "vars": [], "numCompared": 13}, "phase": 7, "exectime": 7.314527752000004}