{"parsing": 2.027837732000023, "frontend": 0.10844150699999999, "backend": 0.39592916599999994, "simcode": 0.043613319, "templates": 0.09974184500000001, "build": 3.523855343999969, "sim": 0.07592056400000047, "diff": {"time": 0.005621891999965101, "vars": [], "numCompared": 11}, "phase": 7, "exectime": 7.101558624000006}