{"parsing": 2.00295666400001, "frontend": 0.10358021100000003, "backend": 0.347611199, "simcode": 0.036368933000000006, "templates": 0.09888877, "build": 3.3151318590000187, "sim": 0.04960977700000058, "diff": {"time": 0.008997200000010253, "vars": [], "numCompared": 10}, "phase": 7, "exectime": 6.795557980000012}