{"parsing": 2.033572203999995, "frontend": 0.11656337299999986, "backend": 0.42014643500000004, "simcode": 0.04016010100000002, "templates": 0.102670586, "build": 3.558587588000023, "sim": 0.19363059800002702, "diff": {"time": 0.010477410000021337, "vars": [], "numCompared": 12}, "phase": 7, "exectime": 7.372373201000016}