{"parsing": 1.99360184599999, "frontend": 0.08794659099999998, "backend": 0.039842815, "simcode": 0.011782964, "templates": 0.03948912700000001, "build": 2.3557108770000355, "sim": 0.02880686800000376, "diff": {"time": 0.006791539999994711, "vars": [], "numCompared": 4}, "phase": 7, "exectime": 5.358313722999981}