{"parsing": 1.9853944160000196, "frontend": 0.10079747600000005, "backend": 0.33835248900000003, "simcode": 0.029649262999999995, "templates": 0.080461185, "build": 3.1612613959999862, "sim": 0.046909592000019984, "diff": {"time": 0.007355828000015663, "vars": [], "numCompared": 8}, "phase": 7, "exectime": 6.556134784000051}