{"parsing": 1.9948722249999946, "frontend": 0.126094109, "backend": 0.34729279700000004, "simcode": 0.028852046999999992, "templates": 0.077007554, "build": 3.1549830220000104, "sim": 0.04500667899998234, "diff": {"time": 0.008152171000006092, "vars": [], "numCompared": 8}, "phase": 7, "exectime": 6.563726979000023}