{"parsing": 2.1059812999999963, "frontend": 0.11175586900000001, "backend": 0.37968439899999995, "simcode": 0.034299833, "templates": 0.111072805, "build": 3.2804478180000274, "sim": 0.061050899000008485, "diff": {"time": 0.008913440000014816, "vars": [], "numCompared": 10}, "phase": 7, "exectime": 6.904765328999986}