{"parsing": 1.995621970000002, "frontend": 0.10364715600000007, "backend": 0.355093711, "simcode": 0.024229585000000012, "templates": 0.073054652, "build": 2.888655744999994, "sim": 0.11125707799999418, "diff": {"time": 0.007091463000023168, "vars": [], "numCompared": 7}, "phase": 7, "exectime": 6.433353578000009}