{"parsing": 1.9840030199999887, "frontend": 0.088876065, "backend": 0.04750418, "simcode": 0.012974774000000001, "templates": 0.042676878, "build": 2.3940622329999997, "sim": 0.030546533999995518, "diff": {"time": 0.00843534300003057, "vars": [], "numCompared": 4}, "phase": 7, "exectime": 5.394651923000026}