{"parsing": 2.00666271700004, "frontend": 0.10076836000000011, "backend": 0.07996003000000002, "simcode": 0.21876330099999997, "templates": 0.06017757200000001, "build": 2.7514487849999796, "sim": 0.03619979900003045, "diff": {"time": 0.006927206000000297, "vars": [], "numCompared": 6}, "phase": 7, "exectime": 6.0909670450000135}