{"parsing": 1.9632282160000045, "frontend": 0.10203961, "backend": 0.37339960699999997, "simcode": 0.033181845, "templates": 0.08496138, "build": 3.253664771999979, "sim": 0.06019210099998418, "diff": {"time": 0.009014671999977963, "vars": [], "numCompared": 10}, "phase": 7, "exectime": 6.658348683999975}