{"parsing": 2.01397498099999, "frontend": 0.08932805700000013, "backend": 0.067921962, "simcode": 0.01642308999999989, "templates": 0.24129335, "build": 2.556348556000046, "sim": 0.033512706999999864, "diff": {"time": 0.005793261999997412, "vars": [], "numCompared": 5}, "phase": 7, "exectime": 5.8038110240000265}