{"parsing": 1.9941292299999986, "frontend": 0.11234671300000015, "backend": 0.3568771159999999, "simcode": 0.033657072999999996, "templates": 0.087737881, "build": 3.2606636379999827, "sim": 0.04885037899998679, "diff": {"time": 0.011684477000017068, "vars": [], "numCompared": 10}, "phase": 7, "exectime": 6.755392452000024}