{"parsing": 2.0121479539999996, "frontend": 0.10454747900000005, "backend": 0.35870806699999996, "simcode": 0.030554502999999997, "templates": 0.08964941900000001, "build": 3.1269433200000094, "sim": 0.18592055400000618, "diff": {"time": 0.008350421999978153, "vars": [], "numCompared": 10}, "phase": 7, "exectime": 6.727482682000016}