{"parsing": 1.990521512999976, "frontend": 0.089378243, "backend": 0.048765288000000004, "simcode": 0.012374957999999985, "templates": 0.05342870600000001, "build": 2.425166304999948, "sim": 0.031003730999998425, "diff": {"time": 0.005172013000048992, "vars": [], "numCompared": 4}, "phase": 7, "exectime": 5.458983100000012}