{"parsing": 2.0326372829999855, "frontend": 0.10162426500000005, "backend": 0.08232151299999996, "simcode": 0.22288943299999997, "templates": 0.06288519299999995, "build": 2.8219136579999713, "sim": 0.03825348899999881, "diff": {"time": 0.007054446999973152, "vars": [], "numCompared": 6}, "phase": 7, "exectime": 6.209890441000027}