{"parsing": 2.003164727000012, "frontend": 0.10027276600000001, "backend": 0.338801914, "simcode": 0.027600322999999996, "templates": 0.073921004, "build": 3.1191143809999744, "sim": 0.04386168700000326, "diff": {"time": 0.009112641000001531, "vars": [], "numCompared": 7}, "phase": 7, "exectime": 6.565845270000011}