{"parsing": 1.994034197000019, "frontend": 0.11333494600000005, "backend": 0.36275737, "simcode": 0.03375793799999999, "templates": 0.08711590500000001, "build": 3.349828073000026, "sim": 0.04816690499995957, "diff": {"time": 0.008425423000005594, "vars": [], "numCompared": 10}, "phase": 7, "exectime": 6.813177335999967}