{"parsing": 2.0204481259999625, "frontend": 0.09871920700000009, "backend": 0.329105432, "simcode": 0.020689653000000002, "templates": 0.07494553400000001, "build": 2.794142172000022, "sim": 0.19002454100001387, "diff": {"time": 0.008197668000036629, "vars": [], "numCompared": 9}, "phase": 7, "exectime": 6.356409263000046}