{"parsing": 2.038943329999995, "frontend": 0.092490146, "backend": 0.075193436, "simcode": 0.015903126000000017, "templates": 0.243391349, "build": 2.5913694429999623, "sim": 0.04235211699995034, "diff": {"time": 0.007127807999950164, "vars": [], "numCompared": 4}, "phase": 7, "exectime": 5.920939361999956}