{"parsing": 1.984882975000005, "frontend": 0.0933574659999999, "backend": 0.05755159000000001, "simcode": 0.012655501, "templates": 0.043803034, "build": 2.445551868000024, "sim": 0.06751465499999654, "diff": {"time": 0.005590377999993734, "vars": [], "numCompared": 5}, "phase": 7, "exectime": 5.5103061210000135}