{"parsing": 2.0018944949999877, "frontend": 0.087179432, "backend": 0.047587133999999996, "simcode": 0.011067612000000011, "templates": 0.040428456, "build": 2.3860966299999973, "sim": 0.036826087000008556, "diff": {"time": 0.005085947999987184, "vars": [], "numCompared": 4}, "phase": 7, "exectime": 5.409314139000003}