{"parsing": 1.9768099489999713, "frontend": 0.09020979, "backend": 0.051002987999999985, "simcode": 0.01571628300000001, "templates": 0.048974329, "build": 2.489455870000029, "sim": 0.03226630500000738, "diff": {"time": 0.0071676389999879575, "vars": [], "numCompared": 6}, "phase": 7, "exectime": 5.504787726000018}