{"parsing": 2.0126742740000054, "frontend": 0.10426126400000002, "backend": 0.361248239, "simcode": 0.029480897999999894, "templates": 0.07704706900000001, "build": 3.1254101180000475, "sim": 0.18863702800001647, "diff": {"time": 0.008587023000018235, "vars": [], "numCompared": 10}, "phase": 7, "exectime": 6.712842795999961}