{"parsing": 1.9904987720000236, "frontend": 0.10175713600000014, "backend": 0.3429798389999999, "simcode": 0.023844216, "templates": 0.066486532, "build": 2.988173578000044, "sim": 0.11273890200004644, "diff": {"time": 0.007212864000052832, "vars": [], "numCompared": 7}, "phase": 7, "exectime": 6.469776594999985}