{"parsing": 2.0110212870000055, "frontend": 0.1584375990000002, "backend": 0.913677173, "simcode": 0.09295895199999987, "templates": 0.401801108, "build": 5.183376871999997, "sim": 0.9764415209999697, "diff": {"time": 0.02071823400001449, "vars": [], "numCompared": 24}, "phase": 7, "exectime": 10.593784527999958}