{"parsing": 2.0420441610000353, "frontend": 0.10874246099999996, "backend": 0.387779472, "simcode": 0.03561150599999999, "templates": 0.091851182, "build": 3.370004279999989, "sim": 0.19098948700002438, "diff": {"time": 0.0099337880000121, "vars": [], "numCompared": 12}, "phase": 7, "exectime": 7.046610025999939}