{"parsing": 2.0521546260000036, "frontend": 0.10486544599999997, "backend": 0.36438789500000013, "simcode": 0.030974662000000014, "templates": 0.096185884, "build": 3.1296094069999754, "sim": 0.19155699399999548, "diff": {"time": 0.009521770999981527, "vars": [], "numCompared": 10}, "phase": 7, "exectime": 6.781122521000043}