{"parsing": 2.000727713999993, "frontend": 0.090178754, "backend": 0.05475169900000001, "simcode": 0.012636806, "templates": 0.041749351, "build": 2.416526752999971, "sim": 0.03797317800001565, "diff": {"time": 0.006952273999957015, "vars": [], "numCompared": 4}, "phase": 7, "exectime": 5.459110811000016}