{"parsing": 2.0089531080000143, "frontend": 0.10595447600000013, "backend": 0.37027188499999986, "simcode": 0.03470688699999999, "templates": 0.087359817, "build": 3.24740548799997, "sim": 0.04946611899998743, "diff": {"time": 0.012614466000002267, "vars": [], "numCompared": 10}, "phase": 7, "exectime": 6.733733554000025}