{"parsing": 2.001380026999982, "frontend": 0.091688945, "backend": 0.04885545999999999, "simcode": 0.013105630000000007, "templates": 0.05410708, "build": 2.467989179, "sim": 0.031265615999984675, "diff": {"time": 0.008390048999984856, "vars": [], "numCompared": 4}, "phase": 7, "exectime": 5.531773334999997}