{"parsing": 1.9742928699999993, "frontend": 0.09228893199999999, "backend": 0.059311060000000006, "simcode": 0.013357980999999984, "templates": 0.04316399100000001, "build": 2.44925655199998, "sim": 0.0689634669999748, "diff": {"time": 0.008660681999998587, "vars": [], "numCompared": 5}, "phase": 7, "exectime": 5.498883006}