{"parsing": 1.9799864339999544, "frontend": 0.150008806, "backend": 1.182197489, "simcode": 0.127691966, "templates": 0.48660178, "build": 5.980088556999988, "sim": 0.22936500899999146, "diff": {"time": 0.023714904999962982, "vars": [], "numCompared": 27}, "phase": 7, "exectime": 10.94487990600004}