{"parsing": 2.0208354819999954, "frontend": 0.11255950000000009, "backend": 0.35514433499999987, "simcode": 0.024899956000000015, "templates": 0.068362122, "build": 3.018225405999999, "sim": 0.1734265660000176, "diff": {"time": 0.014216634999996813, "vars": [], "numCompared": 12}, "phase": 7, "exectime": 6.595361072000003}