{"parsing": 1.986389915000018, "frontend": 0.14107322, "backend": 0.8710644499999998, "simcode": 0.09133201000000013, "templates": 0.396334916, "build": 4.983207668000034, "sim": 0.8535410829999819, "diff": {"time": 0.03474554600001056, "vars": ["T3.fire", "T2.fire", "P6.t", "P4.t"], "numCompared": 24}, "phase": 6, "exectime": 10.176298502000009}