{"parsing": 1.985559655999964, "frontend": 0.09813975400000002, "backend": 0.08217695999999997, "simcode": 0.21778594600000004, "templates": 0.061321257, "build": 2.72843284999999, "sim": 0.03699760499995364, "diff": {"time": 0.00936040999999932, "vars": [], "numCompared": 6}, "phase": 7, "exectime": 6.037557993000007}