{"parsing": 1.984074052999972, "frontend": 0.100051954, "backend": 0.374115176, "simcode": 0.032797472999999994, "templates": 0.081122257, "build": 3.2557216679999783, "sim": 0.26686617699999715, "diff": {"time": 0.013565490000019054, "vars": [], "numCompared": 12}, "phase": 7, "exectime": 6.909117377999962}