{"parsing": 2.026104201999999, "frontend": 0.094797361, "backend": 0.05672479099999998, "simcode": 0.013328318000000013, "templates": 0.044094318, "build": 2.448284863999959, "sim": 0.06509061899998869, "diff": {"time": 0.007992389000037292, "vars": [], "numCompared": 5}, "phase": 7, "exectime": 5.566095507999989}