{"parsing": 2.011110478999967, "frontend": 0.10426252000000003, "backend": 0.382610527, "simcode": 0.03850580000000001, "templates": 0.086099704, "build": 3.198694537999984, "sim": 0.07383728299998893, "diff": {"time": 0.019704052000008687, "vars": [], "numCompared": 18}, "phase": 7, "exectime": 6.711614903999987}