{"parsing": 2.0298269239999627, "frontend": 0.140213127, "backend": 0.867522355, "simcode": 0.091184194, "templates": 0.396661607, "build": 5.110598333999974, "sim": 0.9729491699999926, "diff": {"time": 0.023425385999985338, "vars": [], "numCompared": 24}, "phase": 7, "exectime": 10.427407774000017}