{"parsing": 1.9953563480000014, "frontend": 0.1050700690000001, "backend": 0.3466181719999999, "simcode": 0.021760331999999993, "templates": 0.081528135, "build": 2.838325282999989, "sim": 0.2374218519999829, "diff": {"time": 0.008292148000009547, "vars": [], "numCompared": 9}, "phase": 7, "exectime": 6.4745902659999786}