{"parsing": 2.0042178770000305, "frontend": 0.09788745300000001, "backend": 0.324679336, "simcode": 0.021066907999999995, "templates": 0.07188596400000001, "build": 2.7905322400000045, "sim": 0.10669095700001208, "diff": {"time": 0.00703949400002557, "vars": [], "numCompared": 6}, "phase": 7, "exectime": 6.2392955020000045}