{"parsing": 1.9972660270000233, "frontend": 0.10398228000000004, "backend": 0.350935063, "simcode": 0.03352261899999999, "templates": 0.098789319, "build": 3.244365070000015, "sim": 0.04969812299998466, "diff": {"time": 0.009091704000013578, "vars": [], "numCompared": 10}, "phase": 7, "exectime": 6.689275855000005}