{"parsing": 1.9870810740000024, "frontend": 0.086943266, "backend": 0.053463564000000005, "simcode": 0.011879272999999996, "templates": 0.041220379, "build": 2.3958499920000236, "sim": 0.03788210300001538, "diff": {"time": 0.006686742999988837, "vars": [], "numCompared": 4}, "phase": 7, "exectime": 5.403533966999987}