{"parsing": 1.9907931270000176, "frontend": 0.10105525599999998, "backend": 0.37620886099999995, "simcode": 0.038615266999999995, "templates": 0.08642954600000001, "build": 3.1840216140000166, "sim": 0.07251294799999641, "diff": {"time": 0.018895566999958646, "vars": [], "numCompared": 18}, "phase": 7, "exectime": 6.654314430999989}