{"parsing": 1.9615835150000294, "frontend": 0.13748275799999998, "backend": 0.823625731, "simcode": 0.08792259799999996, "templates": 0.417273653, "build": 4.89789320899996, "sim": 0.9221001810000189, "diff": {"time": 0.0337518470000191, "vars": ["T3.fire", "T2.fire", "P6.t", "P4.t"], "numCompared": 24}, "phase": 6, "exectime": 10.107441015000006}