{"parsing": 2.0170321660000354, "frontend": 0.10777011599999997, "backend": 0.368974819, "simcode": 0.03452469700000001, "templates": 0.102212297, "build": 3.2943671240000185, "sim": 0.061737783000012314, "diff": {"time": 0.008997674999989158, "vars": [], "numCompared": 10}, "phase": 7, "exectime": 6.801891253000008}