{"parsing": 2.025793415999999, "frontend": 0.1032975040000001, "backend": 0.355643373, "simcode": 0.03480066199999998, "templates": 0.09594806699999991, "build": 3.403890212999954, "sim": 0.05092346700001826, "diff": {"time": 0.009286942999949588, "vars": [], "numCompared": 11}, "phase": 7, "exectime": 6.915829540999994}