{"parsing": 1.9709701279999763, "frontend": 0.10366409700000007, "backend": 0.372710759, "simcode": 0.03557732799999999, "templates": 0.08966723800000001, "build": 3.3293964399999822, "sim": 0.06690827799997123, "diff": {"time": 0.011515787000007549, "vars": [], "numCompared": 10}, "phase": 7, "exectime": 6.8059447219999925}