{"parsing": 1.9751261199999988, "frontend": 0.096391338, "backend": 0.324245565, "simcode": 0.022576404000000008, "templates": 0.072857408, "build": 2.7679959069999995, "sim": 0.10645393899997657, "diff": {"time": 0.009425586999981306, "vars": [], "numCompared": 6}, "phase": 7, "exectime": 6.17524225599999}