{"parsing": 2.022889222999993, "frontend": 0.102413325, "backend": 0.33890951399999997, "simcode": 0.02853747100000001, "templates": 0.06913904, "build": 3.0578040550000196, "sim": 0.04439208099998382, "diff": {"time": 0.007573661999998649, "vars": [], "numCompared": 7}, "phase": 7, "exectime": 6.488094243999996}