{"parsing": 2.0717903489999685, "frontend": 0.10465344100000001, "backend": 0.359994618, "simcode": 0.030253203000000006, "templates": 0.074629686, "build": 3.11262061299999, "sim": 0.07286127499997974, "diff": {"time": 0.015425816000004033, "vars": [], "numCompared": 14}, "phase": 7, "exectime": 6.713357929999972}