{"parsing": 2.0078766250000513, "frontend": 0.10032490399999999, "backend": 0.081789261, "simcode": 0.223103512, "templates": 0.060106272, "build": 2.8341398200000185, "sim": 0.03875238399996306, "diff": {"time": 0.0074684079999656205, "vars": [], "numCompared": 6}, "phase": 7, "exectime": 6.175535384}