{"parsing": 1.9731468219999897, "frontend": 0.10210591899999999, "backend": 0.347022858, "simcode": 0.035353615000000005, "templates": 0.091714234, "build": 3.3088992899999994, "sim": 0.049226275000023634, "diff": {"time": 0.009402387000022827, "vars": [], "numCompared": 10}, "phase": 7, "exectime": 6.748796726000023}