{"parsing": 1.994177690000015, "frontend": 0.10159743999999987, "backend": 0.35151582700000006, "simcode": 0.029667487999999992, "templates": 0.086593313, "build": 3.213062513000068, "sim": 0.10841393999999127, "diff": {"time": 0.007025386999998773, "vars": [], "numCompared": 7}, "phase": 7, "exectime": 6.691580628999986}