{"parsing": 2.0037376409999865, "frontend": 0.11390611500000003, "backend": 0.405052123, "simcode": 0.0529113100000001, "templates": 0.3276390429999999, "build": 3.7232361330000003, "sim": 0.05950074800000493, "diff": {"time": 0.014999037999984921, "vars": [], "numCompared": 13}, "phase": 7, "exectime": 7.529472672999987}