{"parsing": 2.0408055259999855, "frontend": 0.116030619, "backend": 0.4029806570000001, "simcode": 0.03753259299999999, "templates": 0.107645998, "build": 3.4272397579999847, "sim": 0.07984493800000791, "diff": {"time": 0.009917547999975795, "vars": [], "numCompared": 10}, "phase": 7, "exectime": 7.07028419300002}