{"parsing": 1.9892001690000143, "frontend": 0.11317906599999994, "backend": 0.38495217500000006, "simcode": 0.034439151, "templates": 0.084973403, "build": 3.247644825000009, "sim": 0.05002998000003345, "diff": {"time": 0.009277561000033074, "vars": [], "numCompared": 10}, "phase": 7, "exectime": 6.760435307000023}