{"parsing": 1.9991289489999815, "frontend": 0.114950514, "backend": 0.423968369, "simcode": 0.03376341799999999, "templates": 0.09351891600000001, "build": 3.366990869999995, "sim": 0.05228352699998595, "diff": {"time": 0.005495711000008896, "vars": [], "numCompared": 13}, "phase": 7, "exectime": 6.977166347000008}