{"parsing": 1.985207991999971, "frontend": 0.10666034999999996, "backend": 0.38909277900000006, "simcode": 0.043121190000000004, "templates": 0.103897662, "build": 3.465081270999974, "sim": 0.07508806499998855, "diff": {"time": 0.004885494999996354, "vars": [], "numCompared": 11}, "phase": 7, "exectime": 6.952230326000006}