{"parsing": 2.0049169060000054, "frontend": 0.10435041100000003, "backend": 0.349553612, "simcode": 0.03333736999999999, "templates": 0.085467893, "build": 3.2608967360000065, "sim": 0.04856559099999913, "diff": {"time": 0.009044053000025087, "vars": [], "numCompared": 10}, "phase": 7, "exectime": 6.736736476999965}