{"parsing": 1.9993101740000156, "frontend": 0.08987997299999999, "backend": 0.050785498, "simcode": 0.011779708, "templates": 0.040272421, "build": 2.4612095689999762, "sim": 0.06330761800001028, "diff": {"time": 0.0075834229999998115, "vars": [], "numCompared": 5}, "phase": 7, "exectime": 5.552848291999993}