{"parsing": 2.0693241939999893, "frontend": 0.08425581900000001, "backend": 0.009736198999999994, "simcode": 0.004491753000000001, "templates": 0.032326499, "build": 2.062202238999987, "sim": 0.030548374999995076, "diff": {"time": 0.0066894290000050205, "vars": [], "numCompared": 3}, "phase": 7, "exectime": 5.139803508999989}