{"parsing": 1.9897139260000358, "frontend": 0.09976178400000002, "backend": 0.328885861, "simcode": 0.028680928999999994, "templates": 0.07677621100000001, "build": 3.1674719099999606, "sim": 0.04540334600000051, "diff": {"time": 0.008199299000011706, "vars": [], "numCompared": 8}, "phase": 7, "exectime": 6.5591807739999695}