{"parsing": 2.0691519629999675, "frontend": 0.097162012, "backend": 0.05007837, "simcode": 0.013353424000000003, "templates": 0.056283837, "build": 2.5099669570000174, "sim": 0.031260842000051525, "diff": {"time": 0.007171432999996341, "vars": [], "numCompared": 4}, "phase": 7, "exectime": 5.6748109429999545}