{"parsing": 2.0565115210000044, "frontend": 0.09578765599999998, "backend": 0.043253617, "simcode": 0.012032779, "templates": 0.041372298, "build": 2.409650355999986, "sim": 0.03117014500003279, "diff": {"time": 0.00553606400001172, "vars": [], "numCompared": 4}, "phase": 7, "exectime": 5.534413244000007}