{"parsing": 1.9939796429999888, "frontend": 0.10551339300000007, "backend": 0.383845365, "simcode": 0.03205664899999999, "templates": 0.089028881, "build": 3.2049452230000384, "sim": 0.050653598999986116, "diff": {"time": 0.0053351540000221576, "vars": [], "numCompared": 13}, "phase": 7, "exectime": 6.697319203000006}