{"parsing": 2.0086769949999734, "frontend": 0.10776627500000002, "backend": 0.37904142100000005, "simcode": 0.03953613299999999, "templates": 0.10259205, "build": 3.2433810579999545, "sim": 0.0501296850000017, "diff": {"time": 0.00912306999998691, "vars": [], "numCompared": 10}, "phase": 7, "exectime": 6.785969867000006}