{"parsing": 2.0803621340000404, "frontend": 0.09562418999999998, "backend": 0.051055642, "simcode": 0.01318395600000001, "templates": 0.050990468, "build": 2.578256866000004, "sim": 0.03904515800002173, "diff": {"time": 0.007813317999989522, "vars": [], "numCompared": 4}, "phase": 7, "exectime": 5.760525760000007}