{"parsing": 2.008189291000008, "frontend": 0.11350587499999998, "backend": 0.5986865750000001, "simcode": 0.0462098719999999, "templates": 0.106597737, "build": 3.604466372000047, "sim": 0.35921263099999123, "diff": {"time": 0.009594274999983554, "vars": [], "numCompared": 13}, "phase": 7, "exectime": 7.664275564000036}