{"parsing": 1.999509751000005, "frontend": 0.18736023300000015, "backend": 1.304029121, "simcode": 0.1362604990000001, "templates": 0.485045299, "build": 6.031295653000029, "sim": 0.2716518610000094, "diff": {"time": 0.029531320999979016, "vars": [], "numCompared": 27}, "phase": 7, "exectime": 11.276172141000018}