{"parsing": 2.0781024209999828, "frontend": 0.12640305499999993, "backend": 0.47629267200000003, "simcode": 0.077797595, "templates": 0.352965837, "build": 4.143262513999957, "sim": 0.19260206199999175, "diff": {"time": 0.011107740999989346, "vars": [], "numCompared": 12}, "phase": 7, "exectime": 8.320469185000036}