{"parsing": 2.046238750000043, "frontend": 0.10553859199999993, "backend": 0.339618044, "simcode": 0.030663217999999992, "templates": 0.080974102, "build": 3.2104481320000104, "sim": 0.047258815000020604, "diff": {"time": 0.008534316999998737, "vars": [], "numCompared": 8}, "phase": 7, "exectime": 6.703246721000028}