{"parsing": 2.0179179220000094, "frontend": 0.095701345, "backend": 0.08220188, "simcode": 0.22133059700000002, "templates": 0.07380714000000001, "build": 2.771250667000004, "sim": 0.0364656870000033, "diff": {"time": 0.008055897999980743, "vars": [], "numCompared": 8}, "phase": 7, "exectime": 6.12343551699999}