{"parsing": 1.9799660570000128, "frontend": 0.10331273200000002, "backend": 0.36447667400000006, "simcode": 0.033733632, "templates": 0.086156257, "build": 3.2647967249999965, "sim": 0.06162460100000544, "diff": {"time": 0.008841759999995702, "vars": [], "numCompared": 10}, "phase": 7, "exectime": 6.723727305000011}