{"parsing": 2.0024654979999923, "frontend": 0.11917223599999999, "backend": 0.36064761999999995, "simcode": 0.035872583, "templates": 0.093136223, "build": 3.333918648000008, "sim": 0.05102389299997867, "diff": {"time": 0.012733123000032265, "vars": [], "numCompared": 10}, "phase": 7, "exectime": 6.85992356600002}