{"parsing": 2.035761739999998, "frontend": 0.10296478999999997, "backend": 0.33771752100000013, "simcode": 0.030556957999999898, "templates": 0.07936148, "build": 3.193823812000005, "sim": 0.04666680100001486, "diff": {"time": 0.008117868999988787, "vars": [], "numCompared": 8}, "phase": 7, "exectime": 6.635352361999992}