{"parsing": 2.0504335159999982, "frontend": 0.10625677, "backend": 0.354174656, "simcode": 0.025868651999999992, "templates": 0.076045837, "build": 2.989237642999967, "sim": 0.17664064600000984, "diff": {"time": 0.010292612000000645, "vars": [], "numCompared": 12}, "phase": 7, "exectime": 6.6215362469999945}