{"parsing": 2.0283543049999935, "frontend": 0.10709135699999994, "backend": 0.360718836, "simcode": 0.028879880999999996, "templates": 0.07735763400000001, "build": 3.124376947999963, "sim": 0.18725007099999402, "diff": {"time": 0.009078558999988218, "vars": [], "numCompared": 10}, "phase": 7, "exectime": 6.726107613000011}