{"parsing": 2.0371413520000203, "frontend": 0.09041528199999999, "backend": 0.047736018000000005, "simcode": 0.011716960999999998, "templates": 0.054439211, "build": 2.338714945999982, "sim": 0.028851715000001832, "diff": {"time": 0.005824249999989206, "vars": [], "numCompared": 4}, "phase": 7, "exectime": 5.406355939000008}