{"parsing": 2.041673667999987, "frontend": 0.09469642299999997, "backend": 0.04069302000000001, "simcode": 0.011880736000000003, "templates": 0.040921316, "build": 2.401427586000011, "sim": 0.030108853000001545, "diff": {"time": 0.0059189670000137085, "vars": [], "numCompared": 4}, "phase": 7, "exectime": 5.4705292010000335}