{"parsing": 2.0305366320000076, "frontend": 0.13176193499999989, "backend": 0.7834690420000001, "simcode": 0.06450982799999994, "templates": 0.368502566, "build": 4.624360354000032, "sim": 0.30865592399999286, "diff": {"time": 0.023365368999975544, "vars": [], "numCompared": 21}, "phase": 7, "exectime": 9.183229788999995}