{"parsing": 2.0316957229999844, "frontend": 0.08700786799999997, "backend": 0.007906051000000011, "simcode": 0.006031873, "templates": 0.026159383, "build": 2.0361242159999904, "sim": 0.023052051999997047, "diff": {"time": 0.008066127000006418, "vars": [], "numCompared": 4}, "phase": 7, "exectime": 5.096088799}