{"parsing": 2.0175735770000074, "frontend": 0.10947241699999999, "backend": 0.374946349, "simcode": 0.031717806, "templates": 0.089710519, "build": 3.1576200549999953, "sim": 0.1889691200000243, "diff": {"time": 0.009447231000024203, "vars": [], "numCompared": 10}, "phase": 7, "exectime": 6.791765725000005}