{"parsing": 2.0069414629999756, "frontend": 0.089434358, "backend": 0.049664437999999984, "simcode": 0.012763753000000017, "templates": 0.045008954, "build": 2.440279160999978, "sim": 0.030974023999988276, "diff": {"time": 0.007311199000014312, "vars": [], "numCompared": 4}, "phase": 7, "exectime": 5.490798756000004}