{"parsing": 2.0059902410000063, "frontend": 0.0928411330000001, "backend": 0.050328003999999905, "simcode": 0.016329739999999995, "templates": 0.044641143, "build": 2.508569415000011, "sim": 0.03328697699998884, "diff": {"time": 0.006498093000004701, "vars": [], "numCompared": 6}, "phase": 7, "exectime": 5.625264699999946}