{"parsing": 2.038813638000022, "frontend": 0.11600195699999993, "backend": 0.38916405800000003, "simcode": 0.03512696999999998, "templates": 0.09195025200000001, "build": 3.4087951760000124, "sim": 0.06340582299998232, "diff": {"time": 0.00922013799998922, "vars": [], "numCompared": 10}, "phase": 7, "exectime": 7.026443549999954}