{"parsing": 2.002266890000044, "frontend": 0.09790739999999998, "backend": 0.079959697, "simcode": 0.21794985100000003, "templates": 0.06026254700000001, "build": 2.783743288999972, "sim": 0.03714727499999526, "diff": {"time": 0.007217103000016323, "vars": [], "numCompared": 6}, "phase": 7, "exectime": 6.082604253999989}