{"parsing": 1.9939850590000674, "frontend": 0.11001411999999999, "backend": 0.38281378600000004, "simcode": 0.03303650599999999, "templates": 0.102563191, "build": 3.394258941000089, "sim": 0.16978873999994448, "diff": {"time": 0.011648391999983687, "vars": [], "numCompared": 12}, "phase": 7, "exectime": 7.015116136000017}