{"parsing": 2.166562369000019, "frontend": 0.09552611800000001, "backend": 0.05181650999999999, "simcode": 0.012187067000000017, "templates": 0.04106686, "build": 2.4979407060000085, "sim": 0.038528214999985266, "diff": {"time": 0.008011628000019755, "vars": [], "numCompared": 4}, "phase": 7, "exectime": 5.763297965999982}