{"parsing": 2.0442621480000014, "frontend": 0.09891638600000008, "backend": 0.327908019, "simcode": 0.021959048000000002, "templates": 0.059867123, "build": 2.9110391650000054, "sim": 0.11170918999999913, "diff": {"time": 0.007837365999989743, "vars": [], "numCompared": 6}, "phase": 7, "exectime": 6.423671104999983}