{"parsing": 1.9834298780000381, "frontend": 0.1024575390000001, "backend": 0.08181176300000004, "simcode": 0.21996674499999996, "templates": 0.059984684, "build": 2.7684170399999743, "sim": 0.03732385600000043, "diff": {"time": 0.007075176000000738, "vars": [], "numCompared": 6}, "phase": 7, "exectime": 6.0840575729999955}