{"parsing": 2.0684427390000337, "frontend": 0.11476897800000008, "backend": 0.38400324900000005, "simcode": 0.03510041, "templates": 0.110014956, "build": 3.405437833999997, "sim": 0.06280266800001755, "diff": {"time": 0.00867860699997891, "vars": [], "numCompared": 10}, "phase": 7, "exectime": 7.035600595000005}