{"parsing": 1.9872299019999957, "frontend": 0.085038728, "backend": 0.0074470720000000025, "simcode": 0.004311917999999998, "templates": 0.021520436, "build": 1.9719603249999977, "sim": 0.02265913800002295, "diff": {"time": 0.008061177999991287, "vars": [], "numCompared": 4}, "phase": 7, "exectime": 4.920506485999994}