{"parsing": 1.9971696709999947, "frontend": 0.10545064700000001, "backend": 0.34004159899999997, "simcode": 0.028969176999999985, "templates": 0.07958069200000001, "build": 3.1495263979999777, "sim": 0.047238140999979805, "diff": {"time": 0.008220870000002378, "vars": [], "numCompared": 8}, "phase": 7, "exectime": 6.54606000299998}