{"parsing": 1.9905599580000057, "frontend": 0.10238054499999999, "backend": 0.35345957299999997, "simcode": 0.02460322000000001, "templates": 0.06729291, "build": 2.8687608989999944, "sim": 0.17190395400001535, "diff": {"time": 0.009805418000013333, "vars": [], "numCompared": 12}, "phase": 7, "exectime": 6.389394097000007}