{"parsing": 2.0431103260000043, "frontend": 0.096083395, "backend": 0.05169596, "simcode": 0.013188687000000004, "templates": 0.05737787, "build": 2.380440642999986, "sim": 0.09716594399998257, "diff": {"time": 0.007492775000002894, "vars": [], "numCompared": 5}, "phase": 7, "exectime": 5.563838811999972}