{"parsing": 1.9817772590000118, "frontend": 0.096937944, "backend": 0.331729258, "simcode": 0.029778843, "templates": 0.07025526, "build": 2.994948167000018, "sim": 0.04885616500001788, "diff": {"time": 0.01047228299995595, "vars": [], "numCompared": 14}, "phase": 7, "exectime": 6.368185535999999}