{"parsing": 2.0224862569999686, "frontend": 0.105522691, "backend": 0.084592938, "simcode": 0.22905714199999996, "templates": 0.06258556400000001, "build": 2.8911322460000406, "sim": 0.038637705999974514, "diff": {"time": 0.007717488999958277, "vars": [], "numCompared": 6}, "phase": 7, "exectime": 6.280856001000018}