{"parsing": 2.016839521999998, "frontend": 0.1026209629999999, "backend": 0.35574671, "simcode": 0.034854911, "templates": 0.087115675, "build": 3.3017656590000115, "sim": 0.04919736499999772, "diff": {"time": 0.011649848999979895, "vars": [], "numCompared": 10}, "phase": 7, "exectime": 6.751365120000003}