{"parsing": 2.003330171000016, "frontend": 0.10600779599999999, "backend": 0.348996445, "simcode": 0.031601007, "templates": 0.083638218, "build": 3.2947975529999667, "sim": 0.048840338999980304, "diff": {"time": 0.008953506000011657, "vars": [], "numCompared": 8}, "phase": 7, "exectime": 6.785586510999963}