{"parsing": 2.0468563719999793, "frontend": 0.13881631399999983, "backend": 0.813300703, "simcode": 0.1004077080000001, "templates": 0.429354339, "build": 4.981008884000005, "sim": 0.08970457800000986, "diff": {"time": 0.028805591000036657, "vars": [], "numCompared": 22}, "phase": 7, "exectime": 9.466174633999998}