{"parsing": 2.010229148999997, "frontend": 0.10172773099999999, "backend": 0.08031639399999996, "simcode": 0.22086837900000003, "templates": 0.060462565, "build": 2.70917853200001, "sim": 0.03801443599996901, "diff": {"time": 0.006373154000016257, "vars": [], "numCompared": 6}, "phase": 7, "exectime": 6.023360681000042}