{"parsing": 2.0203731290000064, "frontend": 0.10856999300000003, "backend": 0.352927423, "simcode": 0.03318944700000001, "templates": 0.100040253, "build": 3.2256710120000207, "sim": 0.06703374599999279, "diff": {"time": 0.010265081999989434, "vars": [], "numCompared": 8}, "phase": 7, "exectime": 6.747151623000036}