{"parsing": 2.0350938089999886, "frontend": 0.1162669300000001, "backend": 0.08030420300000002, "simcode": 0.017281845000000018, "templates": 0.252207712, "build": 2.687664137000013, "sim": 0.04356137600001375, "diff": {"time": 0.008690736000005472, "vars": [], "numCompared": 4}, "phase": 7, "exectime": 6.087309453999978}