{"parsing": 2.0230832449999525, "frontend": 0.106862872, "backend": 0.60398789, "simcode": 0.046356962, "templates": 0.108288304, "build": 3.5152480790000027, "sim": 0.3442350450000049, "diff": {"time": 0.009447141999999076, "vars": [], "numCompared": 13}, "phase": 7, "exectime": 7.579533666000032}