{"parsing": 1.9930986999999902, "frontend": 0.09916262300000006, "backend": 0.33969162399999986, "simcode": 0.028709189999999996, "templates": 0.07304584800000001, "build": 3.15126916600002, "sim": 0.049175528999967355, "diff": {"time": 0.013419453999972575, "vars": [], "numCompared": 12}, "phase": 7, "exectime": 6.546676983999987}