{"parsing": 1.9752492700000062, "frontend": 0.08854668200000002, "backend": 0.055510217999999986, "simcode": 0.011440123999999996, "templates": 0.05384010600000001, "build": 2.3148522980000052, "sim": 0.06557117400001289, "diff": {"time": 0.008274499999998852, "vars": [], "numCompared": 5}, "phase": 7, "exectime": 5.391930260999999}