{"parsing": 2.0289735499999892, "frontend": 0.10802858900000001, "backend": 0.39039593000000006, "simcode": 0.0339895899999999, "templates": 0.08897073, "build": 3.352612249999993, "sim": 0.050545549999981176, "diff": {"time": 0.018324946999996428, "vars": [], "numCompared": 16}, "phase": 7, "exectime": 6.867400922999991}